Time_sec,DateTime,Batt_V,Temp_C,DO_mgL,Q
1623435060,6/10/1951 18:11,3.53,30.586,7.622,0.974
1623435660,6/10/1951 18:21,3.53,30.456,7.643,0.974
1623436260,6/10/1951 18:31,3.53,28.427,1.459,0.977
1623436860,6/10/1951 18:41,3.54,26.65,0.25,0.962
1623437460,6/10/1951 18:51,3.54,26.481,0.079,0.957
1623438060,6/10/1951 19:01,3.53,26.414,0.074,0.957
1623438660,6/10/1951 19:11,3.53,26.38,0.064,0.957
1623439260,6/10/1951 19:21,3.53,26.38,0.055,0.957
1623439860,6/10/1951 19:31,3.53,26.354,0.053,0.957
1623440460,6/10/1951 19:41,3.53,26.363,0.051,0.957
1623441060,6/10/1951 19:51,3.53,26.371,0.051,0.957
1623441660,6/10/1951 20:01,3.53,26.371,0.05,0.957
1623442260,6/10/1951 20:11,3.53,26.363,0.05,0.957
1623442860,6/10/1951 20:21,3.53,26.371,0.05,0.957
1623443460,6/10/1951 20:31,3.53,26.405,0.05,0.957
1623444060,6/10/1951 20:41,3.53,26.405,0.051,0.957
1623444660,6/10/1951 20:51,3.53,26.388,0.051,0.957
1623445260,6/10/1951 21:01,3.53,26.363,0.05,0.957
1623445860,6/10/1951 21:11,3.53,26.329,0.051,0.957
1623446460,6/10/1951 21:21,3.53,26.304,0.051,0.957
1623447060,6/10/1951 21:31,3.53,26.253,0.103,0.96
1623447660,6/10/1951 21:41,3.53,26.211,0.159,0.961
1623448260,6/10/1951 21:51,3.53,26.185,0.27,0.965
1623448860,6/10/1951 22:01,3.53,26.16,0.256,0.965
1623449460,6/10/1951 22:11,3.54,26.135,0.378,0.968
1623450060,6/10/1951 22:21,3.54,26.076,0.261,0.965
1623450660,6/10/1951 22:31,3.54,26.067,0.272,0.965
1623451260,6/10/1951 22:41,3.54,26.042,0.201,0.963
1623451860,6/10/1951 22:51,3.54,26.017,0.27,0.965
1623452460,6/10/1951 23:01,3.54,26,0.261,0.965
1623453060,6/10/1951 23:11,3.54,26,0.255,0.964
1623453660,6/10/1951 23:21,3.54,25.966,0.176,0.962
1623454260,6/10/1951 23:31,3.54,25.958,0.125,0.961
1623454860,6/10/1951 23:41,3.54,25.915,0.113,0.96
1623455460,6/10/1951 23:51,3.54,25.907,0.116,0.96
1623456060,6/11/1951 0:01,3.54,25.915,0.073,0.959
1623456660,6/11/1951 0:11,3.54,25.873,0.074,0.959
1623457260,6/11/1951 0:21,3.54,25.865,0.076,0.959
1623457860,6/11/1951 0:31,3.54,25.856,0.075,0.959
1623458460,6/11/1951 0:41,3.54,25.831,0.06,0.958
1623459060,6/11/1951 0:51,3.54,25.806,0.062,0.959
1623459660,6/11/1951 1:01,3.54,25.797,0.054,0.958
1623460260,6/11/1951 1:11,3.54,25.772,0.055,0.958
1623460860,6/11/1951 1:21,3.54,25.764,0.053,0.958
1623461460,6/11/1951 1:31,3.54,25.738,0.053,0.958
1623462060,6/11/1951 1:41,3.54,25.721,0.051,0.958
1623462660,6/11/1951 1:51,3.54,25.705,0.052,0.958
1623463260,6/11/1951 2:01,3.54,25.688,0.052,0.958
1623463860,6/11/1951 2:11,3.54,25.679,0.052,0.958
1623464460,6/11/1951 2:21,3.54,25.637,0.051,0.958
1623465060,6/11/1951 2:31,3.54,25.629,0.052,0.958
1623465660,6/11/1951 2:41,3.54,25.629,0.058,0.959
1623466260,6/11/1951 2:51,3.54,25.62,0.05,0.958
1623466860,6/11/1951 3:01,3.54,25.612,0.053,0.958
1623467460,6/11/1951 3:11,3.54,25.603,0.055,0.958
1623468060,6/11/1951 3:21,3.54,25.595,0.051,0.958
1623468660,6/11/1951 3:31,3.54,25.57,0.054,0.959
1623469260,6/11/1951 3:41,3.54,25.561,0.053,0.959
1623469860,6/11/1951 3:51,3.54,25.553,0.051,0.958
1623470460,6/11/1951 4:01,3.54,25.544,0.052,0.959
1623471060,6/11/1951 4:11,3.54,25.544,0.051,0.958
1623471660,6/11/1951 4:21,3.54,25.536,0.05,0.958
1623472260,6/11/1951 4:31,3.54,25.519,0.051,0.958
1623472860,6/11/1951 4:41,3.54,25.511,0.051,0.958
1623473460,6/11/1951 4:51,3.54,25.494,0.05,0.958
1623474060,6/11/1951 5:01,3.54,25.494,0.051,0.958
1623474660,6/11/1951 5:11,3.54,25.477,0.051,0.958
1623475260,6/11/1951 5:21,3.54,25.485,0.058,0.959
1623475860,6/11/1951 5:31,3.54,25.46,0.056,0.959
1623476460,6/11/1951 5:41,3.54,25.46,0.053,0.959
1623477060,6/11/1951 5:51,3.54,25.452,0.052,0.959
1623477660,6/11/1951 6:01,3.54,25.435,0.073,0.959
1623478260,6/11/1951 6:11,3.54,25.427,0.058,0.959
1623478860,6/11/1951 6:21,3.54,25.41,0.053,0.959
1623479460,6/11/1951 6:31,3.54,25.393,0.067,0.959
1623480060,6/11/1951 6:41,3.54,25.384,0.052,0.959
1623480660,6/11/1951 6:51,3.53,25.351,0.051,0.959
1623481260,6/11/1951 7:01,3.53,25.317,0.059,0.959
1623481860,6/11/1951 7:11,3.53,25.309,0.056,0.959
1623482460,6/11/1951 7:21,3.53,25.292,0.051,0.959
1623483060,6/11/1951 7:31,3.53,25.241,0.084,0.96
1623483660,6/11/1951 7:41,3.53,25.225,0.066,0.959
1623484260,6/11/1951 7:51,3.53,25.182,0.056,0.959
1623484860,6/11/1951 8:01,3.53,25.166,0.062,0.959
1623485460,6/11/1951 8:11,3.54,25.14,0.051,0.959
1623486060,6/11/1951 8:21,3.54,25.107,0.056,0.959
1623486660,6/11/1951 8:31,3.54,25.073,0.067,0.959
1623487260,6/11/1951 8:41,3.54,25.056,0.055,0.959
1623487860,6/11/1951 8:51,3.54,25.014,0.064,0.959
1623488460,6/11/1951 9:01,3.54,25.006,0.051,0.959
1623489060,6/11/1951 9:11,3.54,24.972,0.054,0.959
1623489660,6/11/1951 9:21,3.54,24.964,0.055,0.959
1623490260,6/11/1951 9:31,3.54,24.922,0.052,0.959
1623490860,6/11/1951 9:41,3.54,24.897,0.052,0.959
1623491460,6/11/1951 9:51,3.54,24.88,0.066,0.96
1623492060,6/11/1951 10:01,3.54,24.888,0.05,0.959
1623492660,6/11/1951 10:11,3.54,24.863,0.053,0.959
1623493260,6/11/1951 10:21,3.54,24.838,0.054,0.959
1623493860,6/11/1951 10:31,3.54,24.829,0.058,0.959
1623494460,6/11/1951 10:41,3.54,24.838,0.05,0.959
1623495060,6/11/1951 10:51,3.54,24.821,0.053,0.959
1623495660,6/11/1951 11:01,3.54,24.855,0.052,0.959
1623496260,6/11/1951 11:11,3.54,24.838,0.05,0.959
1623496860,6/11/1951 11:21,3.54,24.855,0.051,0.959
1623497460,6/11/1951 11:31,3.54,24.871,0.052,0.959
1623498060,6/11/1951 11:41,3.54,24.913,0.05,0.959
1623498660,6/11/1951 11:51,3.54,24.93,0.05,0.959
1623499260,6/11/1951 12:01,3.54,24.972,0.05,0.959
1623499860,6/11/1951 12:11,3.53,24.989,0.05,0.959
1623500460,6/11/1951 12:21,3.53,25.023,0.051,0.959
1623501060,6/11/1951 12:31,3.53,25.082,0.05,0.959
1623501660,6/11/1951 12:41,3.53,25.124,0.05,0.959
1623502260,6/11/1951 12:51,3.53,25.166,0.05,0.959
1623502860,6/11/1951 13:01,3.53,25.182,0.05,0.958
1623503460,6/11/1951 13:11,3.53,25.233,0.05,0.959
1623504060,6/11/1951 13:21,3.53,25.283,0.05,0.958
1623504660,6/11/1951 13:31,3.53,25.359,0.05,0.958
1623505260,6/11/1951 13:41,3.54,25.41,0.05,0.958
1623505860,6/11/1951 13:51,3.54,25.46,0.05,0.958
1623506460,6/11/1951 14:01,3.54,25.511,0.05,0.958
1623507060,6/11/1951 14:11,3.54,25.578,0.05,0.958
1623507660,6/11/1951 14:21,3.54,25.654,0.05,0.958
1623508260,6/11/1951 14:31,3.54,25.747,0.05,0.958
1623508860,6/11/1951 14:41,3.54,25.797,0.05,0.958
1623509460,6/11/1951 14:51,3.54,25.898,0.05,0.958
1623510060,6/11/1951 15:01,3.53,25.966,0.051,0.958
1623510660,6/11/1951 15:11,3.53,26.076,0.05,0.958
1623511260,6/11/1951 15:21,3.53,26.169,0.05,0.958
1623511860,6/11/1951 15:31,3.53,26.219,0.051,0.958
1623512460,6/11/1951 15:41,3.53,26.27,0.051,0.958
1623513060,6/11/1951 15:51,3.53,26.354,0.051,0.958
1623513660,6/11/1951 16:01,3.53,26.447,0.051,0.958
1623514260,6/11/1951 16:11,3.53,26.498,0.051,0.958
1623514860,6/11/1951 16:21,3.54,26.566,0.051,0.958
1623515460,6/11/1951 16:31,3.54,26.642,0.051,0.958
1623516060,6/11/1951 16:41,3.54,26.752,0.051,0.957
1623516660,6/11/1951 16:51,3.53,26.938,0.051,0.958
1623517260,6/11/1951 17:01,3.54,26.871,0.051,0.958
1623517860,6/11/1951 17:11,3.54,26.82,0.059,0.958
1623518460,6/11/1951 17:21,3.54,26.811,0.144,0.961
1623519060,6/11/1951 17:31,3.54,26.811,0.149,0.961
1623519660,6/11/1951 17:41,3.54,26.837,0.053,0.957
1623520260,6/11/1951 17:51,3.53,26.887,0.052,0.958
1623520860,6/11/1951 18:01,3.54,26.913,0.052,0.958
1623521460,6/11/1951 18:11,3.53,26.972,0.052,0.958
1623522060,6/11/1951 18:21,3.53,26.989,0.051,0.957
1623522660,6/11/1951 18:31,3.53,26.989,0.053,0.958
1623523260,6/11/1951 18:41,3.53,27.006,0.051,0.957
1623523860,6/11/1951 18:51,3.53,26.989,0.052,0.957
1623524460,6/11/1951 19:01,3.54,26.93,0.053,0.958
1623525060,6/11/1951 19:11,3.54,26.837,0.072,0.959
1623525660,6/11/1951 19:21,3.54,26.769,0.108,0.96
1623526260,6/11/1951 19:31,3.54,26.71,0.131,0.961
1623526860,6/11/1951 19:41,3.54,26.684,0.096,0.96
1623527460,6/11/1951 19:51,3.54,26.667,0.067,0.959
1623528060,6/11/1951 20:01,3.54,26.659,0.057,0.958
1623528660,6/11/1951 20:11,3.54,26.633,0.055,0.958
1623529260,6/11/1951 20:21,3.54,26.608,0.052,0.958
1623529860,6/11/1951 20:31,3.54,26.591,0.052,0.958
1623530460,6/11/1951 20:41,3.54,26.566,0.052,0.958
1623531060,6/11/1951 20:51,3.54,26.532,0.051,0.958
1623531660,6/11/1951 21:01,3.54,26.507,0.052,0.958
1623532260,6/11/1951 21:11,3.53,26.473,0.051,0.958
1623532860,6/11/1951 21:21,3.53,26.456,0.051,0.958
1623533460,6/11/1951 21:31,3.53,26.422,0.051,0.958
1623534060,6/11/1951 21:41,3.53,26.38,0.051,0.958
1623534660,6/11/1951 21:51,3.53,26.371,0.051,0.958
1623535260,6/11/1951 22:01,3.53,26.312,0.051,0.958
1623535860,6/11/1951 22:11,3.53,26.304,0.051,0.958
1623536460,6/11/1951 22:21,3.53,26.27,0.051,0.958
1623537060,6/11/1951 22:31,3.53,26.261,0.051,0.958
1623537660,6/11/1951 22:41,3.53,26.228,0.051,0.958
1623538260,6/11/1951 22:51,3.53,26.202,0.051,0.958
1623538860,6/11/1951 23:01,3.53,26.185,0.051,0.958
1623539460,6/11/1951 23:11,3.53,26.143,0.051,0.959
1623540060,6/11/1951 23:21,3.53,26.118,0.051,0.958
1623540660,6/11/1951 23:31,3.54,26.076,0.063,0.959
1623541260,6/11/1951 23:41,3.54,26.05,0.091,0.96
1623541860,6/11/1951 23:51,3.54,26.033,0.205,0.964
1623542460,6/12/1951 0:01,3.54,26.025,0.281,0.966
1623543060,6/12/1951 0:11,3.54,26,0.284,0.966
1623543660,6/12/1951 0:21,3.54,25.983,0.273,0.966
1623544260,6/12/1951 0:31,3.54,25.983,0.11,0.961
1623544860,6/12/1951 0:41,3.54,25.966,0.052,0.958
1623545460,6/12/1951 0:51,3.54,25.958,0.062,0.959
1623546060,6/12/1951 1:01,3.54,25.924,0.113,0.961
1623546660,6/12/1951 1:11,3.54,25.915,0.119,0.961
1623547260,6/12/1951 1:21,3.54,25.89,0.056,0.959
1623547860,6/12/1951 1:31,3.54,25.89,0.052,0.959
1623548460,6/12/1951 1:41,3.54,25.882,0.088,0.96
1623549060,6/12/1951 1:51,3.54,25.865,0.052,0.959
1623549660,6/12/1951 2:01,3.54,25.865,0.056,0.959
1623550260,6/12/1951 2:11,3.54,25.848,0.053,0.959
1623550860,6/12/1951 2:21,3.54,25.806,0.056,0.959
1623551460,6/12/1951 2:31,3.54,25.814,0.076,0.96
1623552060,6/12/1951 2:41,3.54,25.797,0.053,0.959
1623552660,6/12/1951 2:51,3.54,25.797,0.055,0.959
1623553260,6/12/1951 3:01,3.54,25.78,0.056,0.959
1623553860,6/12/1951 3:11,3.54,25.755,0.055,0.959
1623554460,6/12/1951 3:21,3.54,25.755,0.056,0.959
1623555060,6/12/1951 3:31,3.54,25.747,0.053,0.959
1623555660,6/12/1951 3:41,3.54,25.738,0.062,0.959
1623556260,6/12/1951 3:51,3.54,25.738,0.057,0.959
1623556860,6/12/1951 4:01,3.54,25.73,0.052,0.959
1623557460,6/12/1951 4:11,3.54,25.73,0.053,0.959
1623558060,6/12/1951 4:21,3.54,25.738,0.055,0.959
1623558660,6/12/1951 4:31,3.54,25.705,0.061,0.959
1623559260,6/12/1951 4:41,3.54,25.705,0.052,0.959
1623559860,6/12/1951 4:51,3.54,25.688,0.051,0.959
1623560460,6/12/1951 5:01,3.54,25.696,0.054,0.959
1623561060,6/12/1951 5:11,3.54,25.662,0.051,0.959
1623561660,6/12/1951 5:21,3.54,25.671,0.051,0.959
1623562260,6/12/1951 5:31,3.54,25.671,0.051,0.959
1623562860,6/12/1951 5:41,3.54,25.679,0.05,0.959
1623563460,6/12/1951 5:51,3.54,25.654,0.051,0.959
1623564060,6/12/1951 6:01,3.54,25.603,0.095,0.961
1623564660,6/12/1951 6:11,3.54,25.536,0.071,0.96
1623565260,6/12/1951 6:21,3.54,25.477,0.08,0.96
1623565860,6/12/1951 6:31,3.54,25.469,0.067,0.96
1623566460,6/12/1951 6:41,3.54,25.427,0.056,0.959
1623567060,6/12/1951 6:51,3.54,25.393,0.055,0.959
1623567660,6/12/1951 7:01,3.54,25.376,0.192,0.964
1623568260,6/12/1951 7:11,3.53,25.351,0.127,0.962
1623568860,6/12/1951 7:21,3.53,25.326,0.061,0.959
1623569460,6/12/1951 7:31,3.53,25.241,0.056,0.959
1623570060,6/12/1951 7:41,3.53,25.241,0.132,0.962
1623570660,6/12/1951 7:51,3.53,25.225,1.357,0.983
1623571260,6/12/1951 8:01,3.53,25.199,1.089,0.98
1623571860,6/12/1951 8:11,3.53,25.191,0.683,0.974
1623572460,6/12/1951 8:21,3.53,25.225,0.455,0.97
1623573060,6/12/1951 8:31,3.53,25.208,0.177,0.962
1623573660,6/12/1951 8:41,3.54,25.233,0.058,0.959
1623574260,6/12/1951 8:51,3.53,25.233,0.052,0.959
1623574860,6/12/1951 9:01,3.53,25.258,0.053,0.959
1623575460,6/12/1951 9:11,3.53,25.267,0.068,0.959
1623576060,6/12/1951 9:21,3.53,25.283,0.052,0.959
1623576660,6/12/1951 9:31,3.53,25.275,0.051,0.959
1623577260,6/12/1951 9:41,3.53,25.275,0.051,0.959
1623577860,6/12/1951 9:51,3.53,25.283,0.052,0.959
1623578460,6/12/1951 10:01,3.53,25.292,0.051,0.959
1623579060,6/12/1951 10:11,3.53,25.267,0.052,0.959
1623579660,6/12/1951 10:21,3.53,25.258,0.051,0.959
1623580260,6/12/1951 10:31,3.53,25.258,0.051,0.959
1623580860,6/12/1951 10:41,3.53,25.258,0.052,0.959
1623581460,6/12/1951 10:51,3.53,25.267,0.05,0.959
1623582060,6/12/1951 11:01,3.53,25.334,0.051,0.959
1623582660,6/12/1951 11:11,3.53,25.334,0.05,0.959
1623583260,6/12/1951 11:21,3.53,25.359,0.051,0.959
1623583860,6/12/1951 11:31,3.54,25.393,0.051,0.959
1623584460,6/12/1951 11:41,3.54,25.41,0.051,0.959
1623585060,6/12/1951 11:51,3.54,25.443,0.051,0.959
1623585660,6/12/1951 12:01,3.54,25.469,0.051,0.959
1623586260,6/12/1951 12:11,3.54,25.528,0.051,0.959
1623586860,6/12/1951 12:21,3.54,25.553,0.055,0.959
1623587460,6/12/1951 12:31,3.54,25.612,0.051,0.959
1623588060,6/12/1951 12:41,3.54,25.629,0.051,0.959
1623588660,6/12/1951 12:51,3.54,25.688,0.05,0.959
1623589260,6/12/1951 13:01,3.54,25.721,0.051,0.959
1623589860,6/12/1951 13:11,3.54,25.78,0.05,0.959
1623590460,6/12/1951 13:21,3.54,25.831,0.051,0.959
1623591060,6/12/1951 13:31,3.54,25.898,0.051,0.959
1623591660,6/12/1951 13:41,3.54,25.898,0.051,0.959
1623592260,6/12/1951 13:51,3.54,25.873,0.051,0.959
1623592860,6/12/1951 14:01,3.54,25.924,0.051,0.959
1623593460,6/12/1951 14:11,3.54,25.991,0.05,0.959
1623594060,6/12/1951 14:21,3.53,26.059,0.05,0.959
1623594660,6/12/1951 14:31,3.53,26.067,0.051,0.959
1623595260,6/12/1951 14:41,3.53,26.135,0.051,0.959
1623595860,6/12/1951 14:51,3.53,26.27,0.051,0.959
1623596460,6/12/1951 15:01,3.53,26.371,0.051,0.959
1623597060,6/12/1951 15:11,3.53,26.422,0.051,0.958
1623597660,6/12/1951 15:21,3.53,26.321,0.057,0.959
1623598260,6/12/1951 15:31,3.53,26.304,0.057,0.959
1623598860,6/12/1951 15:41,3.53,26.363,0.051,0.959
1623599460,6/12/1951 15:51,3.53,26.481,0.051,0.958
1623600060,6/12/1951 16:01,3.54,26.549,0.051,0.958
1623600660,6/12/1951 16:11,3.54,26.642,0.051,0.958
1623601260,6/12/1951 16:21,3.54,26.625,0.052,0.959
1623601860,6/12/1951 16:31,3.54,26.574,0.051,0.959
1623602460,6/12/1951 16:41,3.54,26.515,0.052,0.959
1623603060,6/12/1951 16:51,3.54,26.718,0.051,0.959
1623603660,6/12/1951 17:01,3.54,26.837,0.051,0.958
1623604260,6/12/1951 17:11,3.54,26.727,0.051,0.958
1623604860,6/12/1951 17:21,3.54,26.659,0.052,0.958
1623605460,6/12/1951 17:31,3.54,26.744,0.051,0.958
1623606060,6/12/1951 17:41,3.54,26.625,0.053,0.958
1623606660,6/12/1951 17:51,3.54,26.557,0.05,0.958
1623607260,6/12/1951 18:01,3.54,26.507,0.051,0.959
1623607860,6/12/1951 18:11,3.54,26.54,0.051,0.959
1623608460,6/12/1951 18:21,3.54,26.6,0.051,0.958
1623609060,6/12/1951 18:31,3.54,26.625,0.051,0.958
1623609660,6/12/1951 18:41,3.54,26.65,0.051,0.958
1623610260,6/12/1951 18:51,3.54,26.659,0.051,0.958
1623610860,6/12/1951 19:01,3.54,26.642,0.051,0.958
1623611460,6/12/1951 19:11,3.54,26.633,0.051,0.959
1623612060,6/12/1951 19:21,3.54,26.625,0.051,0.958
1623612660,6/12/1951 19:31,3.54,26.625,0.051,0.959
1623613260,6/12/1951 19:41,3.54,26.608,0.051,0.959
1623613860,6/12/1951 19:51,3.54,26.583,0.051,0.959
1623614460,6/12/1951 20:01,3.54,26.6,0.051,0.958
1623615060,6/12/1951 20:11,3.54,26.557,0.051,0.959
1623615660,6/12/1951 20:21,3.53,26.43,8.13,0.978
1623675420,6/13/1951 12:57,3.55,24.821,0.139,0.958
1623676020,6/13/1951 13:07,3.55,24.703,0.058,0.956
1623676620,6/13/1951 13:17,3.55,24.695,0.051,0.956
1623677220,6/13/1951 13:27,3.55,24.729,0.051,0.956
1623677820,6/13/1951 13:37,3.55,24.779,0.051,0.956
1623678420,6/13/1951 13:47,3.55,24.787,0.049,0.956
1623679020,6/13/1951 13:57,3.55,24.821,0.051,0.956
1623679620,6/13/1951 14:07,3.54,24.829,0.05,0.956
1623680220,6/13/1951 14:17,3.54,24.93,0.049,0.956
1623680820,6/13/1951 14:27,3.54,25.006,0.05,0.956
1623681420,6/13/1951 14:37,3.54,25.048,0.049,0.956
1623682020,6/13/1951 14:47,3.54,25.039,0.049,0.956
1623682620,6/13/1951 14:57,3.54,25.073,0.049,0.956
1623683220,6/13/1951 15:07,3.54,25.124,0.053,0.956
1623683820,6/13/1951 15:17,3.54,25.174,0.048,0.956
1623684420,6/13/1951 15:27,3.54,28.009,7.921,0.977
1623852420,6/15/1951 14:07,3.54,26.464,3.246,0.98
1623853020,6/15/1951 14:17,3.54,26.43,3.376,0.98
1623853620,6/15/1951 14:27,3.54,26.49,3.467,0.98
1623854220,6/15/1951 14:37,3.54,27.21,8.005,0.975
1623854820,6/15/1951 14:47,3.54,28.137,7.866,0.975
1623855420,6/15/1951 14:57,3.54,28.111,7.865,0.975
1623856020,6/15/1951 15:07,3.54,26.557,0.311,0.962
1623856620,6/15/1951 15:17,3.54,26.177,0.129,0.958
1623857220,6/15/1951 15:27,3.54,26.109,0.094,0.957
1623857820,6/15/1951 15:37,3.54,26.118,0.07,0.956
1623858420,6/15/1951 15:47,3.54,27.252,7.962,0.976
1623859020,6/15/1951 15:57,3.54,27.6,7.906,0.975
1623859620,6/15/1951 16:07,3.54,27.686,7.879,0.974
1623860220,6/15/1951 16:17,3.54,27.558,7.897,0.974
1623860820,6/15/1951 16:27,3.53,27.43,7.905,0.974
1623861420,6/15/1951 16:37,3.54,27.363,7.927,0.975
1623862020,6/15/1951 16:47,3.54,27.38,7.917,0.975
1623862620,6/15/1951 16:57,3.54,27.626,7.882,0.975
1623863220,6/15/1951 17:07,3.54,27.822,7.84,0.974
1623863820,6/15/1951 17:17,3.54,27.958,7.826,0.975
1623864420,6/15/1951 17:27,3.54,28.137,7.831,0.975
1623865020,6/15/1951 17:37,3.53,28.487,7.782,0.975
1623865620,6/15/1951 17:47,3.54,29.181,7.7,0.975
1623866220,6/15/1951 17:57,3.53,29.412,7.633,0.975
1623866820,6/15/1951 18:07,3.54,29.155,7.648,0.974
1623867420,6/15/1951 18:17,3.54,28.803,7.722,0.974
1623868020,6/15/1951 18:27,3.53,28.555,7.748,0.974
1623868620,6/15/1951 18:37,3.54,28.333,7.733,0.974
1623869220,6/15/1951 18:47,3.54,28.154,7.793,0.975
1623869820,6/15/1951 18:57,3.54,28.154,7.751,0.975
1623870420,6/15/1951 19:07,3.54,28.402,7.732,0.975
1623871020,6/15/1951 19:17,3.54,28.684,7.687,0.975
1623871620,6/15/1951 19:27,3.54,28.838,7.657,0.975
1623872220,6/15/1951 19:37,3.54,28.923,7.632,0.974
1623872820,6/15/1951 19:47,3.54,28.966,7.625,0.974
1623873420,6/15/1951 19:57,3.54,29.018,7.624,0.975
1623874020,6/15/1951 20:07,3.54,29.018,7.624,0.975
1623874620,6/15/1951 20:17,3.54,28.992,7.617,0.974
1623875220,6/15/1951 20:27,3.54,29.009,7.626,0.975
1623875820,6/15/1951 20:37,3.54,29.043,7.623,0.975
1623876420,6/15/1951 20:47,3.54,29.095,7.599,0.974
1623877020,6/15/1951 20:57,3.54,29.138,7.601,0.975
1623877620,6/15/1951 21:07,3.54,29.249,7.577,0.975
1623946260,6/16/1951 16:11,3.54,27.592,0.527,0.968
1623946860,6/16/1951 16:21,3.54,27.312,0.646,0.971
1623947460,6/16/1951 16:31,3.54,27.252,0.623,0.971
1623948060,6/16/1951 16:41,3.54,27.227,0.564,0.97
1623948660,6/16/1951 16:51,3.54,27.218,0.485,0.968
1623949260,6/16/1951 17:01,3.54,27.218,0.461,0.967
1623949860,6/16/1951 17:11,3.54,27.235,0.419,0.966
1623950460,6/16/1951 17:21,3.54,27.261,0.42,0.967
1623951060,6/16/1951 17:31,3.54,27.269,0.371,0.965
1623951660,6/16/1951 17:41,3.54,27.303,0.32,0.964
1623952260,6/16/1951 17:51,3.54,27.303,0.297,0.963
1623952860,6/16/1951 18:01,3.54,27.286,0.307,0.964
1623953460,6/16/1951 18:11,3.54,27.32,0.291,0.963
1623954060,6/16/1951 18:21,3.54,27.346,0.271,0.963
1623954660,6/16/1951 18:31,3.54,27.371,0.265,0.963
1623955260,6/16/1951 18:41,3.54,27.388,0.274,0.963
1623955860,6/16/1951 18:51,3.54,27.405,0.256,0.962
1623956460,6/16/1951 19:01,3.54,27.439,0.267,0.963
1623957060,6/16/1951 19:11,3.54,27.447,0.261,0.963
1623957660,6/16/1951 19:21,3.54,27.439,0.382,0.966
1623958260,6/16/1951 19:31,3.54,27.422,0.283,0.963
1623958860,6/16/1951 19:41,3.54,27.43,0.259,0.963
1623959460,6/16/1951 19:51,3.54,27.422,0.257,0.963
1623960060,6/16/1951 20:01,3.54,27.405,0.257,0.963
1623960660,6/16/1951 20:11,3.54,27.38,0.198,0.961
1623961260,6/16/1951 20:21,3.54,27.396,0.234,0.962
1623961860,6/16/1951 20:31,3.54,27.396,0.24,0.962
1623962460,6/16/1951 20:41,3.54,27.354,0.174,0.96
1623963060,6/16/1951 20:51,3.54,27.346,0.202,0.961
1623963660,6/16/1951 21:01,3.54,27.346,0.186,0.961
1623964260,6/16/1951 21:11,3.54,27.337,0.205,0.961
1623964860,6/16/1951 21:21,3.54,27.337,0.179,0.961
1623965460,6/16/1951 21:31,3.54,27.329,0.171,0.96
1623966060,6/16/1951 21:41,3.54,27.32,0.115,0.958
1623966660,6/16/1951 21:51,3.54,27.312,0.148,0.96
1623967260,6/16/1951 22:01,3.54,27.286,0.098,0.958
1623967860,6/16/1951 22:11,3.54,27.269,0.086,0.957
1623968460,6/16/1951 22:21,3.54,27.286,0.078,0.957
1623969060,6/16/1951 22:31,3.54,27.269,0.101,0.958
1623969660,6/16/1951 22:41,3.54,27.261,0.068,0.957
1623970260,6/16/1951 22:51,3.54,27.218,0.169,0.96
1623970860,6/16/1951 23:01,3.54,27.21,0.414,0.967
1623971460,6/16/1951 23:11,3.54,27.184,0.323,0.965
1623972060,6/16/1951 23:21,3.54,27.167,0.277,0.964
1623972660,6/16/1951 23:31,3.54,27.159,0.264,0.963
1623973260,6/16/1951 23:41,3.54,27.133,0.14,0.959
1623973860,6/16/1951 23:51,3.54,27.099,0.181,0.961
1623974460,6/17/1951 0:01,3.54,27.074,0.429,0.968
1623975060,6/17/1951 0:11,3.54,27.049,0.46,0.968
1623975660,6/17/1951 0:21,3.54,27.057,0.361,0.966
1623976260,6/17/1951 0:31,3.54,27.023,0.336,0.965
1623976860,6/17/1951 0:41,3.54,26.998,0.242,0.963
1623977460,6/17/1951 0:51,3.54,26.981,0.242,0.963
1623978060,6/17/1951 1:01,3.54,26.981,0.215,0.962
1623978660,6/17/1951 1:11,3.54,26.964,0.091,0.958
1623979260,6/17/1951 1:21,3.54,26.955,0.187,0.961
1623979860,6/17/1951 1:31,3.54,26.964,0.077,0.957
1623980460,6/17/1951 1:41,3.54,26.938,0.103,0.958
1623981060,6/17/1951 1:51,3.54,26.938,0.099,0.958
1623981660,6/17/1951 2:01,3.54,26.938,0.076,0.957
1623982260,6/17/1951 2:11,3.54,26.938,0.096,0.958
1623982860,6/17/1951 2:21,3.54,26.947,0.068,0.957
1623983460,6/17/1951 2:31,3.54,26.938,0.054,0.956
1623984060,6/17/1951 2:41,3.54,26.904,0.053,0.957
1623984660,6/17/1951 2:51,3.54,26.913,0.053,0.956
1623985260,6/17/1951 3:01,3.54,26.921,0.058,0.957
1623985860,6/17/1951 3:11,3.54,26.913,0.052,0.956
1623986460,6/17/1951 3:21,3.54,26.913,0.052,0.956
1623987060,6/17/1951 3:31,3.54,26.904,0.052,0.956
1623987660,6/17/1951 3:41,3.54,26.904,0.064,0.957
1623988260,6/17/1951 3:51,3.54,26.879,0.054,0.957
1623988860,6/17/1951 4:01,3.54,26.887,0.059,0.957
1623989460,6/17/1951 4:11,3.54,26.879,0.061,0.957
1623990060,6/17/1951 4:21,3.54,26.879,0.062,0.957
1623990660,6/17/1951 4:31,3.54,26.862,0.07,0.957
1623991260,6/17/1951 4:41,3.54,26.854,0.057,0.957
1623991860,6/17/1951 4:51,3.54,26.845,0.053,0.957
1623992460,6/17/1951 5:01,3.54,26.837,0.053,0.957
1623993060,6/17/1951 5:11,3.54,26.845,0.053,0.957
1623993660,6/17/1951 5:21,3.54,26.837,0.052,0.957
1623994260,6/17/1951 5:31,3.54,26.82,0.052,0.957
1623994860,6/17/1951 5:41,3.54,26.811,0.052,0.957
1623995460,6/17/1951 5:51,3.54,26.786,0.052,0.957
1623996060,6/17/1951 6:01,3.54,26.769,0.052,0.957
1623996660,6/17/1951 6:11,3.54,26.777,0.051,0.957
1623997260,6/17/1951 6:21,3.54,26.769,0.052,0.957
1623997860,6/17/1951 6:31,3.54,26.76,0.052,0.957
1623998460,6/17/1951 6:41,3.54,26.769,0.052,0.957
1623999060,6/17/1951 6:51,3.54,26.727,0.052,0.957
1623999660,6/17/1951 7:01,3.54,26.744,0.052,0.957
1624000260,6/17/1951 7:11,3.54,26.727,0.051,0.957
1624000860,6/17/1951 7:21,3.54,26.735,0.051,0.957
1624001460,6/17/1951 7:31,3.54,26.71,0.052,0.957
1624002060,6/17/1951 7:41,3.54,26.71,0.052,0.957
1624002660,6/17/1951 7:51,3.54,26.701,0.051,0.957
1624003260,6/17/1951 8:01,3.54,26.701,0.051,0.957
1624003860,6/17/1951 8:11,3.54,26.693,0.05,0.957
1624004460,6/17/1951 8:21,3.54,26.684,0.051,0.957
1624005060,6/17/1951 8:31,3.54,26.676,0.051,0.957
1624005660,6/17/1951 8:41,3.54,26.684,0.051,0.957
1624006260,6/17/1951 8:51,3.54,26.659,0.078,0.958
1624006860,6/17/1951 9:01,3.54,26.642,0.054,0.957
1624007460,6/17/1951 9:11,3.54,26.65,0.051,0.957
1624008060,6/17/1951 9:21,3.54,26.642,0.051,0.957
1624008660,6/17/1951 9:31,3.54,26.633,0.051,0.957
1624009260,6/17/1951 9:41,3.54,26.625,0.056,0.957
1624009860,6/17/1951 9:51,3.54,26.617,0.051,0.957
1624010460,6/17/1951 10:01,3.54,26.608,0.051,0.957
1624011060,6/17/1951 10:11,3.54,26.591,0.051,0.957
1624011660,6/17/1951 10:21,3.54,26.591,0.05,0.957
1624012260,6/17/1951 10:31,3.54,26.6,0.051,0.957
1624012860,6/17/1951 10:41,3.54,26.6,0.052,0.957
1624013460,6/17/1951 10:51,3.54,26.608,0.051,0.957
1624014060,6/17/1951 11:01,3.54,26.617,0.051,0.957
1624014660,6/17/1951 11:11,3.54,26.617,0.051,0.957
1624015260,6/17/1951 11:21,3.54,26.608,0.051,0.957
1624015860,6/17/1951 11:31,3.54,26.608,0.056,0.957
1624016460,6/17/1951 11:41,3.54,26.608,0.051,0.957
1624017060,6/17/1951 11:51,3.54,26.642,0.051,0.957
1624017660,6/17/1951 12:01,3.54,26.65,0.051,0.957
1624018260,6/17/1951 12:11,3.54,26.667,0.051,0.957
1624018860,6/17/1951 12:21,3.54,26.65,0.052,0.957
1624019460,6/17/1951 12:31,3.54,26.659,0.051,0.957
1624020060,6/17/1951 12:41,3.54,26.667,0.051,0.957
1624020660,6/17/1951 12:51,3.54,26.676,0.051,0.957
1624021260,6/17/1951 13:01,3.54,26.684,0.051,0.957
1624021860,6/17/1951 13:11,3.54,26.71,0.052,0.957
1624022460,6/17/1951 13:21,3.54,26.727,0.052,0.957
1624023060,6/17/1951 13:31,3.54,26.76,0.051,0.957
1624023660,6/17/1951 13:41,3.54,26.786,0.052,0.957
1624024260,6/17/1951 13:51,3.54,26.786,0.051,0.957
1624024860,6/17/1951 14:01,3.54,26.803,0.052,0.957
1624025460,6/17/1951 14:11,3.54,26.82,0.052,0.957
1624026060,6/17/1951 14:21,3.54,26.837,0.054,0.957
1624026660,6/17/1951 14:31,3.54,26.904,0.052,0.957
1624027260,6/17/1951 14:41,3.54,26.879,0.051,0.957
1624027860,6/17/1951 14:51,3.54,26.879,0.052,0.957
1624028460,6/17/1951 15:01,3.54,26.93,0.052,0.957
1624029060,6/17/1951 15:11,3.54,26.947,0.052,0.957
1624029660,6/17/1951 15:21,3.54,26.981,0.053,0.957
1624030260,6/17/1951 15:31,3.54,27.023,0.052,0.957
1624030860,6/17/1951 15:41,3.54,27.057,0.052,0.957
1624031460,6/17/1951 15:51,3.54,27.091,0.052,0.957
1624032060,6/17/1951 16:01,3.54,27.125,0.052,0.957
1624032660,6/17/1951 16:11,3.54,27.133,0.057,0.957
1624033260,6/17/1951 16:21,3.54,27.176,0.054,0.957
1624033860,6/17/1951 16:31,3.54,27.184,0.056,0.957
1624034460,6/17/1951 16:41,3.54,27.21,0.053,0.957
1624035060,6/17/1951 16:51,3.53,27.244,0.053,0.957
1624035660,6/17/1951 17:01,3.53,27.303,0.053,0.957
1624036260,6/17/1951 17:11,3.53,27.303,0.053,0.957
1624036860,6/17/1951 17:21,3.53,27.329,0.063,0.957
1624037460,6/17/1951 17:31,3.53,27.371,0.054,0.957
1624038060,6/17/1951 17:41,3.53,27.388,0.052,0.957
1624038660,6/17/1951 17:51,3.53,27.413,0.052,0.957
1624039260,6/17/1951 18:01,3.53,27.447,0.054,0.957
1624039860,6/17/1951 18:11,3.53,27.481,0.054,0.957
1624040460,6/17/1951 18:21,3.53,27.49,0.053,0.957
1624041060,6/17/1951 18:31,3.53,27.498,0.056,0.957
1624041660,6/17/1951 18:41,3.53,27.515,0.052,0.957
1624042260,6/17/1951 18:51,3.53,27.532,0.052,0.957
1624042860,6/17/1951 19:01,3.54,27.575,0.058,0.957
1624043460,6/17/1951 19:11,3.54,27.592,0.053,0.957
1624044060,6/17/1951 19:21,3.53,27.524,0.215,0.963
1624044660,6/17/1951 19:31,3.54,27.541,0.073,0.958
1624045260,6/17/1951 19:41,3.54,27.541,0.054,0.957
1624045860,6/17/1951 19:51,3.54,27.566,0.054,0.957
1624046460,6/17/1951 20:01,3.54,27.566,0.053,0.957
1624047060,6/17/1951 20:11,3.54,27.583,0.059,0.957
1624047660,6/17/1951 20:21,3.54,27.558,0.052,0.957
1624048260,6/17/1951 20:31,3.54,27.566,0.055,0.957
1624048860,6/17/1951 20:41,3.54,27.575,0.054,0.957
1624049460,6/17/1951 20:51,3.54,27.566,0.058,0.957
1624050060,6/17/1951 21:01,3.54,27.583,0.057,0.957
1624050660,6/17/1951 21:11,3.54,27.549,0.053,0.957
1624051260,6/17/1951 21:21,3.54,27.566,0.054,0.957
1624051860,6/17/1951 21:31,3.53,27.481,0.052,0.957
1624052460,6/17/1951 21:41,3.53,27.456,0.052,0.957
1624053060,6/17/1951 21:51,3.53,27.464,0.052,0.957
1624053660,6/17/1951 22:01,3.53,27.473,0.052,0.957
1624054260,6/17/1951 22:11,3.53,27.473,0.052,0.957
1624054860,6/17/1951 22:21,3.53,27.464,0.052,0.957
1624055460,6/17/1951 22:31,3.53,27.413,0.052,0.957
1624056060,6/17/1951 22:41,3.53,27.447,0.052,0.957
1624056660,6/17/1951 22:51,3.53,27.422,0.053,0.957
1624057260,6/17/1951 23:01,3.53,27.422,0.052,0.957
1624057860,6/17/1951 23:11,3.53,27.439,0.052,0.957
1624058460,6/17/1951 23:21,3.53,27.422,0.052,0.957
1624059060,6/17/1951 23:31,3.53,27.413,0.052,0.957
1624059660,6/17/1951 23:41,3.53,27.396,0.052,0.957
1624060260,6/17/1951 23:51,3.53,27.363,0.052,0.957
1624060860,6/18/1951 0:01,3.53,27.354,0.052,0.957
1624061460,6/18/1951 0:11,3.53,27.363,0.052,0.957
1624062060,6/18/1951 0:21,3.53,27.38,0.052,0.957
1624062660,6/18/1951 0:31,3.53,27.354,0.052,0.957
1624063260,6/18/1951 0:41,3.53,27.346,0.052,0.957
1624063860,6/18/1951 0:51,3.54,27.312,0.052,0.957
1624064460,6/18/1951 1:01,3.53,27.303,0.052,0.957
1624065060,6/18/1951 1:11,3.54,27.329,0.052,0.957
1624065660,6/18/1951 1:21,3.53,27.295,0.052,0.957
1624066260,6/18/1951 1:31,3.54,27.303,0.052,0.957
1624066860,6/18/1951 1:41,3.54,27.269,0.052,0.957
1624067460,6/18/1951 1:51,3.54,27.269,0.052,0.957
1624068060,6/18/1951 2:01,3.54,27.269,0.052,0.957
1624068660,6/18/1951 2:11,3.54,27.252,0.052,0.957
1624069260,6/18/1951 2:21,3.53,27.269,0.052,0.957
1624069860,6/18/1951 2:31,3.54,27.227,0.051,0.957
1624070460,6/18/1951 2:41,3.54,27.244,0.052,0.958
1624071060,6/18/1951 2:51,3.54,27.218,0.052,0.957
1624071660,6/18/1951 3:01,3.54,27.227,0.052,0.957
1624072260,6/18/1951 3:11,3.54,27.184,0.052,0.958
1624072860,6/18/1951 3:21,3.54,27.176,0.052,0.957
1624073460,6/18/1951 3:31,3.54,27.167,0.052,0.957
1624074060,6/18/1951 3:41,3.54,27.159,0.052,0.958
1624074660,6/18/1951 3:51,3.54,27.159,0.052,0.958
1624075260,6/18/1951 4:01,3.54,27.159,0.052,0.958
1624075860,6/18/1951 4:11,3.54,27.133,0.051,0.958
1624076460,6/18/1951 4:21,3.54,27.125,0.052,0.958
1624077060,6/18/1951 4:31,3.54,27.133,0.051,0.957
1624077660,6/18/1951 4:41,3.54,27.116,0.052,0.958
1624078260,6/18/1951 4:51,3.54,27.099,0.052,0.958
1624078860,6/18/1951 5:01,3.54,27.108,0.052,0.958
1624079460,6/18/1951 5:11,3.54,27.099,0.052,0.958
1624080060,6/18/1951 5:21,3.54,27.065,0.052,0.958
1624080660,6/18/1951 5:31,3.54,27.057,0.052,0.958
1624081260,6/18/1951 5:41,3.54,27.074,0.051,0.958
1624081860,6/18/1951 5:51,3.54,27.04,0.052,0.958
1624082460,6/18/1951 6:01,3.54,27.023,0.052,0.958
1624083060,6/18/1951 6:11,3.54,27.015,0.052,0.958
1624083660,6/18/1951 6:21,3.54,27.023,0.051,0.958
1624084260,6/18/1951 6:31,3.54,27.023,0.051,0.958
1624084860,6/18/1951 6:41,3.54,27.006,0.052,0.958
1624085460,6/18/1951 6:51,3.54,26.989,0.052,0.958
1624086060,6/18/1951 7:01,3.54,26.972,0.052,0.958
1624086660,6/18/1951 7:11,3.54,26.972,0.051,0.958
1624087260,6/18/1951 7:21,3.54,26.964,0.051,0.958
1624087860,6/18/1951 7:31,3.54,26.964,0.052,0.958
1624088460,6/18/1951 7:41,3.54,26.921,0.051,0.958
1624089060,6/18/1951 7:51,3.54,26.93,0.052,0.958
1624089660,6/18/1951 8:01,3.54,26.913,0.051,0.958
1624090260,6/18/1951 8:11,3.54,26.93,0.051,0.958
1624090860,6/18/1951 8:21,3.54,26.896,0.051,0.958
1624091460,6/18/1951 8:31,3.54,26.887,0.051,0.958
1624092060,6/18/1951 8:41,3.54,26.871,0.051,0.958
1624092660,6/18/1951 8:51,3.54,26.879,0.051,0.958
1624093260,6/18/1951 9:01,3.54,26.854,0.052,0.958
1624093860,6/18/1951 9:11,3.54,26.845,0.051,0.958
1624094460,6/18/1951 9:21,3.54,26.837,0.051,0.958
1624095060,6/18/1951 9:31,3.54,26.82,0.051,0.958
1624095660,6/18/1951 9:41,3.54,26.811,0.051,0.958
1624096260,6/18/1951 9:51,3.54,26.82,0.051,0.958
1624096860,6/18/1951 10:01,3.54,26.794,0.051,0.958
1624097460,6/18/1951 10:11,3.54,26.786,0.051,0.958
1624098060,6/18/1951 10:21,3.54,26.769,0.051,0.958
1624098660,6/18/1951 10:31,3.54,26.76,0.051,0.958
1624099260,6/18/1951 10:41,3.54,26.76,0.051,0.958
1624099860,6/18/1951 10:51,3.54,26.744,0.051,0.958
1624100460,6/18/1951 11:01,3.54,26.76,0.051,0.958
1624101060,6/18/1951 11:11,3.54,26.752,0.051,0.958
1624101660,6/18/1951 11:21,3.54,26.744,0.051,0.958
1624102260,6/18/1951 11:31,3.54,26.769,0.051,0.958
1624102860,6/18/1951 11:41,3.54,26.744,0.052,0.958
1624103460,6/18/1951 11:51,3.54,26.744,0.051,0.958
1624104060,6/18/1951 12:01,3.54,26.769,0.051,0.958
1624104660,6/18/1951 12:11,3.54,26.744,0.051,0.958
1624105260,6/18/1951 12:21,3.54,26.76,0.052,0.958
1624105860,6/18/1951 12:31,3.54,26.769,0.051,0.958
1624106460,6/18/1951 12:41,3.54,26.777,0.051,0.958
1624107060,6/18/1951 12:51,3.54,26.786,0.052,0.958
1624107660,6/18/1951 13:01,3.54,26.803,0.051,0.958
1624108260,6/18/1951 13:11,3.54,26.828,0.051,0.958
1624108860,6/18/1951 13:21,3.54,26.828,0.052,0.958
1624109460,6/18/1951 13:31,3.54,26.837,0.052,0.958
1624110060,6/18/1951 13:41,3.54,26.879,0.052,0.958
1624110660,6/18/1951 13:51,3.54,26.896,0.051,0.958
1624111260,6/18/1951 14:01,3.54,26.904,0.052,0.958
1624111860,6/18/1951 14:11,3.54,26.938,0.051,0.958
1624112460,6/18/1951 14:21,3.54,26.972,0.052,0.958
1624113060,6/18/1951 14:31,3.54,27.015,0.051,0.958
1624113660,6/18/1951 14:41,3.54,27.023,0.052,0.958
1624114260,6/18/1951 14:51,3.54,27.015,0.052,0.958
1624114860,6/18/1951 15:01,3.54,27.04,0.052,0.958
1624115460,6/18/1951 15:11,3.54,27.074,0.051,0.958
1624116060,6/18/1951 15:21,3.54,27.074,0.052,0.958
1624116660,6/18/1951 15:31,3.54,27.125,0.052,0.958
1624117260,6/18/1951 15:41,3.54,27.142,0.052,0.958
1624117860,6/18/1951 15:51,3.54,27.184,0.052,0.958
1624118460,6/18/1951 16:01,3.53,27.201,0.052,0.958
1624119060,6/18/1951 16:11,3.53,27.227,0.052,0.958
1624119660,6/18/1951 16:21,3.53,27.235,0.052,0.958
1624120260,6/18/1951 16:31,3.53,27.278,0.052,0.958
1624120860,6/18/1951 16:41,3.53,27.286,0.052,0.958
1624121460,6/18/1951 16:51,3.53,27.303,0.052,0.958
1624122060,6/18/1951 17:01,3.53,27.303,0.053,0.958
1624122660,6/18/1951 17:11,3.53,27.329,0.053,0.958
1624123260,6/18/1951 17:21,3.53,27.337,0.053,0.958
1624123860,6/18/1951 17:31,3.53,27.363,0.062,0.958
1624124460,6/18/1951 17:41,3.53,27.38,0.052,0.958
1624125060,6/18/1951 17:51,3.53,27.413,0.052,0.958
1624125660,6/18/1951 18:01,3.53,27.439,0.056,0.958
1624126260,6/18/1951 18:11,3.53,27.464,0.054,0.958
1624126860,6/18/1951 18:21,3.53,27.456,0.053,0.958
1624127460,6/18/1951 18:31,3.53,27.473,0.082,0.959
1624128060,6/18/1951 18:41,3.53,27.481,0.059,0.958
1624128660,6/18/1951 18:51,3.53,27.464,0.074,0.959
1624129260,6/18/1951 19:01,3.53,27.481,0.058,0.958
1624129860,6/18/1951 19:11,3.53,27.49,0.054,0.958
1624130460,6/18/1951 19:21,3.53,27.498,0.053,0.958
1624131060,6/18/1951 19:31,3.53,27.515,0.057,0.958
1624131660,6/18/1951 19:41,3.53,27.524,0.055,0.958
1624132260,6/18/1951 19:51,3.53,27.524,0.055,0.958
1624132860,6/18/1951 20:01,3.53,27.498,0.063,0.958
1624133460,6/18/1951 20:11,3.53,27.532,0.058,0.958
1624134060,6/18/1951 20:21,3.53,27.498,0.055,0.958
1624134660,6/18/1951 20:31,3.53,27.481,0.054,0.958
1624135260,6/18/1951 20:41,3.53,27.498,0.054,0.958
1624135860,6/18/1951 20:51,3.53,27.49,0.054,0.958
1624136460,6/18/1951 21:01,3.53,27.481,0.054,0.958
1624137060,6/18/1951 21:11,3.53,27.473,0.056,0.958
1624137660,6/18/1951 21:21,3.53,27.473,0.055,0.958
1624138260,6/18/1951 21:31,3.53,27.498,0.053,0.958
1624138860,6/18/1951 21:41,3.53,27.422,0.052,0.958
1624139460,6/18/1951 21:51,3.53,27.422,0.053,0.958
1624140060,6/18/1951 22:01,3.53,27.413,0.052,0.958
1624140660,6/18/1951 22:11,3.53,27.396,0.052,0.958
1624141260,6/18/1951 22:21,3.53,27.346,0.052,0.958
1624141860,6/18/1951 22:31,3.53,27.337,0.052,0.958
1624142460,6/18/1951 22:41,3.53,27.312,0.176,0.962
1624143060,6/18/1951 22:51,3.53,27.235,0.434,0.969
1624143660,6/18/1951 23:01,3.53,27.227,0.788,0.976
1624144260,6/18/1951 23:11,3.53,27.21,0.612,0.974
1624144860,6/18/1951 23:21,3.54,27.167,0.775,0.976
1624145460,6/18/1951 23:31,3.54,27.133,0.713,0.975
1624146060,6/18/1951 23:41,3.54,27.133,0.642,0.974
1624146660,6/18/1951 23:51,3.54,27.082,0.529,0.972
1624147260,6/19/1951 0:01,3.54,27.065,0.454,0.97
1624147860,6/19/1951 0:11,3.54,27.04,0.439,0.969
1624148460,6/19/1951 0:21,3.54,27.049,0.311,0.966
1624149060,6/19/1951 0:31,3.54,27.006,0.215,0.963
1624149660,6/19/1951 0:41,3.54,27.015,0.215,0.964
1624150260,6/19/1951 0:51,3.54,26.998,0.17,0.962
1624150860,6/19/1951 1:01,3.54,26.998,0.154,0.962
1624151460,6/19/1951 1:11,3.54,26.989,0.091,0.96
1624152060,6/19/1951 1:21,3.54,26.981,0.066,0.959
1624152660,6/19/1951 1:31,3.54,26.981,0.066,0.959
1624153260,6/19/1951 1:41,3.54,26.955,0.056,0.958
1624153860,6/19/1951 1:51,3.54,26.947,0.104,0.96
1624154460,6/19/1951 2:01,3.54,26.938,0.099,0.96
1624155060,6/19/1951 2:11,3.54,26.921,0.058,0.959
1624155660,6/19/1951 2:21,3.54,26.93,0.056,0.958
1624156260,6/19/1951 2:31,3.54,26.947,0.058,0.958
1624156860,6/19/1951 2:41,3.54,26.938,0.055,0.959
1624157460,6/19/1951 2:51,3.54,26.938,0.053,0.958
1624158060,6/19/1951 3:01,3.54,26.938,0.054,0.958
1624158660,6/19/1951 3:11,3.54,26.93,0.054,0.958
1624159260,6/19/1951 3:21,3.54,26.921,0.057,0.959
1624159860,6/19/1951 3:31,3.54,26.921,0.052,0.958
1624160460,6/19/1951 3:41,3.54,26.93,0.053,0.958
1624161060,6/19/1951 3:51,3.54,26.921,0.053,0.958
1624161660,6/19/1951 4:01,3.54,26.921,0.052,0.958
1624162260,6/19/1951 4:11,3.54,26.93,0.056,0.959
1624162860,6/19/1951 4:21,3.54,26.921,0.053,0.958
1624163460,6/19/1951 4:31,3.54,26.93,0.052,0.959
1624164060,6/19/1951 4:41,3.54,26.938,0.051,0.958
1624164660,6/19/1951 4:51,3.54,26.913,0.052,0.958
1624165260,6/19/1951 5:01,3.54,26.921,0.052,0.958
1624165860,6/19/1951 5:11,3.54,26.921,0.051,0.958
1624166460,6/19/1951 5:21,3.54,26.896,0.052,0.959
1624167060,6/19/1951 5:31,3.54,26.896,0.052,0.959
1624167660,6/19/1951 5:41,3.54,26.887,0.052,0.959
1624168260,6/19/1951 5:51,3.54,26.887,0.052,0.958
1624168860,6/19/1951 6:01,3.54,26.896,0.052,0.958
1624169460,6/19/1951 6:11,3.54,26.879,0.052,0.959
1624170060,6/19/1951 6:21,3.54,26.871,0.051,0.958
1624170660,6/19/1951 6:31,3.54,26.862,0.051,0.959
1624171260,6/19/1951 6:41,3.54,26.871,0.051,0.958
1624171860,6/19/1951 6:51,3.54,26.854,0.052,0.959
1624172460,6/19/1951 7:01,3.54,26.862,0.051,0.959
1624173060,6/19/1951 7:11,3.54,26.862,0.051,0.959
1624173660,6/19/1951 7:21,3.54,26.862,0.051,0.959
1624174260,6/19/1951 7:31,3.54,26.837,0.052,0.959
1624174860,6/19/1951 7:41,3.54,26.854,0.051,0.959
1624175460,6/19/1951 7:51,3.54,26.82,0.051,0.959
1624176060,6/19/1951 8:01,3.54,26.803,0.051,0.959
1624176660,6/19/1951 8:11,3.54,26.828,0.052,0.959
1624177260,6/19/1951 8:21,3.54,26.794,0.051,0.958
1624177860,6/19/1951 8:31,3.54,26.811,0.055,0.959
1624178460,6/19/1951 8:41,3.54,26.803,0.051,0.959
1624179060,6/19/1951 8:51,3.54,26.794,0.051,0.959
1624179660,6/19/1951 9:01,3.54,26.786,0.051,0.959
1624180260,6/19/1951 9:11,3.54,26.769,0.051,0.959
1624180860,6/19/1951 9:21,3.54,26.769,0.051,0.959
1624181460,6/19/1951 9:31,3.54,26.744,0.052,0.959
1624182060,6/19/1951 9:41,3.54,26.76,0.051,0.959
1624182660,6/19/1951 9:51,3.54,26.752,0.052,0.959
1624183260,6/19/1951 10:01,3.54,26.752,0.051,0.959
1624183860,6/19/1951 10:11,3.54,26.76,0.051,0.959
1624184460,6/19/1951 10:21,3.54,26.735,0.051,0.959
1624185060,6/19/1951 10:31,3.54,26.735,0.052,0.959
1624185660,6/19/1951 10:41,3.54,26.744,0.052,0.959
1624186260,6/19/1951 10:51,3.54,26.735,0.051,0.959
1624186860,6/19/1951 11:01,3.54,26.735,0.051,0.959
1624187460,6/19/1951 11:11,3.54,26.735,0.051,0.959
1624188060,6/19/1951 11:21,3.54,26.718,0.051,0.959
1624188660,6/19/1951 11:31,3.54,26.718,0.051,0.959
1624189260,6/19/1951 11:41,3.54,26.735,0.051,0.959
1624189860,6/19/1951 11:51,3.54,26.727,0.052,0.959
1624190460,6/19/1951 12:01,3.54,26.727,0.051,0.959
1624191060,6/19/1951 12:11,3.54,26.727,0.051,0.959
1624191660,6/19/1951 12:21,3.54,26.735,0.051,0.959
1624192260,6/19/1951 12:31,3.54,26.752,0.051,0.959
1624192860,6/19/1951 12:41,3.54,26.744,0.052,0.959
1624193460,6/19/1951 12:51,3.54,26.752,0.051,0.959
1624194060,6/19/1951 13:01,3.54,26.777,0.051,0.959
1624194660,6/19/1951 13:11,3.54,26.794,0.052,0.959
1624195260,6/19/1951 13:21,3.54,26.794,0.051,0.959
1624195860,6/19/1951 13:31,3.54,26.811,0.051,0.959
1624196460,6/19/1951 13:41,3.54,26.811,0.052,0.959
1624197060,6/19/1951 13:51,3.54,26.82,0.051,0.959
1624197660,6/19/1951 14:01,3.54,26.854,0.052,0.959
1624198260,6/19/1951 14:11,3.54,26.845,0.051,0.959
1624198860,6/19/1951 14:21,3.54,26.879,0.051,0.959
1624199460,6/19/1951 14:31,3.54,26.947,0.051,0.959
1624200060,6/19/1951 14:41,3.54,26.964,0.052,0.959
1624200660,6/19/1951 14:51,3.54,26.947,0.052,0.959
1624201260,6/19/1951 15:01,3.54,26.964,0.051,0.959
1624201860,6/19/1951 15:11,3.54,26.989,0.052,0.959
1624202460,6/19/1951 15:21,3.54,27.023,0.052,0.959
1624203060,6/19/1951 15:31,3.54,27.023,0.052,0.959
1624203660,6/19/1951 15:41,3.54,27.065,0.051,0.959
1624204260,6/19/1951 15:51,3.54,27.099,0.052,0.959
1624204860,6/19/1951 16:01,3.53,28.231,7.931,0.979
1624887900,6/27/1951 13:45,3.55,26.261,0.697,0.964
1624888500,6/27/1951 13:55,3.55,25.401,3.072,0.973
1624889100,6/27/1951 14:05,3.55,25.166,3.121,0.973
1624889700,6/27/1951 14:15,3.55,25.107,3.144,0.973
1624890300,6/27/1951 14:25,3.55,25.098,2.82,0.974
1624890900,6/27/1951 14:35,3.55,25.174,2.122,0.974
1624891500,6/27/1951 14:45,3.55,25.208,1.921,0.974
1624892100,6/27/1951 14:55,3.55,25.267,1.773,0.974
1624892700,6/27/1951 15:05,3.55,25.292,1.47,0.972
1624893300,6/27/1951 15:15,3.55,25.612,8.254,0.969
1624893900,6/27/1951 15:25,3.55,26.321,8.148,0.969
1624920300,6/27/1951 22:45,3.55,26.473,3.028,0.972
1624920900,6/27/1951 22:55,3.54,26.38,2.906,0.973
1624921500,6/27/1951 23:05,3.54,26.304,2.837,0.973
1624922100,6/27/1951 23:15,3.55,26.278,2.9,0.973
1624922700,6/27/1951 23:25,3.55,26.245,2.807,0.973
1624923300,6/27/1951 23:35,3.55,26.194,2.817,0.973
1624923900,6/27/1951 23:45,3.55,26.185,2.798,0.973
1624924500,6/27/1951 23:55,3.55,26.143,2.725,0.973
1624925100,6/28/1951 0:05,3.55,26.126,2.725,0.973
1624925700,6/28/1951 0:15,3.55,26.109,2.693,0.973
1624926300,6/28/1951 0:25,3.55,26.093,2.615,0.973
1624926900,6/28/1951 0:35,3.55,26.033,2.622,0.973
1624927500,6/28/1951 0:45,3.55,26,2.565,0.973
1624928100,6/28/1951 0:55,3.55,25.974,2.555,0.973
1624928700,6/28/1951 1:05,3.55,25.932,2.593,0.974
1624929300,6/28/1951 1:15,3.55,25.89,2.573,0.973
1624929900,6/28/1951 1:25,3.55,25.873,2.57,0.974
1624930500,6/28/1951 1:35,3.55,25.831,2.578,0.974
1624931100,6/28/1951 1:45,3.55,25.772,2.666,0.973
1624931700,6/28/1951 1:55,3.55,25.747,2.633,0.973
1624932300,6/28/1951 2:05,3.55,25.772,2.593,0.973
1624932900,6/28/1951 2:15,3.55,25.713,2.589,0.973
1624933500,6/28/1951 2:25,3.55,25.688,2.629,0.974
1624934100,6/28/1951 2:35,3.55,25.671,2.631,0.973
1624934700,6/28/1951 2:45,3.55,25.637,2.631,0.973
1624935300,6/28/1951 2:55,3.55,25.603,2.733,0.974
1624935900,6/28/1951 3:05,3.55,25.578,2.74,0.973
1624936500,6/28/1951 3:15,3.55,25.553,2.802,0.974
1624937100,6/28/1951 3:25,3.55,25.553,2.765,0.973
1624937700,6/28/1951 3:35,3.55,25.57,2.716,0.973
1624938300,6/28/1951 3:45,3.55,25.553,2.742,0.974
1624938900,6/28/1951 3:55,3.55,25.553,2.75,0.974
1624939500,6/28/1951 4:05,3.55,25.553,2.715,0.973
1624940100,6/28/1951 4:15,3.55,25.519,2.748,0.973
1624940700,6/28/1951 4:25,3.55,25.536,2.722,0.973
1624941300,6/28/1951 4:35,3.55,25.494,2.807,0.974
1624941900,6/28/1951 4:45,3.55,25.502,2.762,0.974
1624942500,6/28/1951 4:55,3.55,25.494,2.771,0.974
1624943100,6/28/1951 5:05,3.55,25.477,2.775,0.974
1624943700,6/28/1951 5:15,3.55,25.452,2.779,0.974
1624944300,6/28/1951 5:25,3.55,25.427,2.8,0.974
1624944900,6/28/1951 5:35,3.55,25.443,2.748,0.973
1624945500,6/28/1951 5:45,3.54,25.427,2.803,0.973
1624946100,6/28/1951 5:55,3.54,25.418,2.807,0.973
1624946700,6/28/1951 6:05,3.55,25.427,2.81,0.974
1624947300,6/28/1951 6:15,3.54,25.418,2.809,0.974
1624947900,6/28/1951 6:25,3.54,25.401,2.825,0.974
1624948500,6/28/1951 6:35,3.54,25.418,2.834,0.973
1624949100,6/28/1951 6:45,3.54,25.384,2.828,0.974
1624949700,6/28/1951 6:55,3.54,25.359,2.826,0.974
1624950300,6/28/1951 7:05,3.54,25.351,2.85,0.974
1624950900,6/28/1951 7:15,3.54,25.342,2.859,0.974
1624951500,6/28/1951 7:25,3.54,25.351,2.889,0.974
1624952100,6/28/1951 7:35,3.54,25.334,2.906,0.974
1624952700,6/28/1951 7:45,3.54,25.326,2.916,0.973
1624953300,6/28/1951 7:55,3.54,25.317,2.884,0.974
1624953900,6/28/1951 8:05,3.54,25.334,2.88,0.974
1624954500,6/28/1951 8:15,3.54,25.309,2.92,0.974
1624955100,6/28/1951 8:25,3.54,25.292,2.91,0.973
1624955700,6/28/1951 8:35,3.54,25.3,2.886,0.973
1624956300,6/28/1951 8:45,3.54,25.292,2.891,0.974
1624956900,6/28/1951 8:55,3.54,25.292,2.922,0.974
1624957500,6/28/1951 9:05,3.54,25.283,2.9,0.974
1624958100,6/28/1951 9:15,3.54,25.275,2.875,0.973
1624958700,6/28/1951 9:25,3.54,25.267,2.921,0.974
1624959300,6/28/1951 9:35,3.54,25.267,2.874,0.974
1624959900,6/28/1951 9:45,3.54,25.258,2.858,0.974
1624960500,6/28/1951 9:55,3.54,25.241,2.842,0.974
1624961100,6/28/1951 10:05,3.54,25.258,2.808,0.974
1624961700,6/28/1951 10:15,3.54,25.241,2.823,0.974
1624962300,6/28/1951 10:25,3.54,25.25,2.798,0.974
1624962900,6/28/1951 10:35,3.54,25.258,2.827,0.974
1624963500,6/28/1951 10:45,3.54,25.267,2.801,0.974
1624964100,6/28/1951 10:55,3.54,25.267,2.775,0.974
1624964700,6/28/1951 11:05,3.54,25.275,2.782,0.974
1624965300,6/28/1951 11:15,3.54,25.3,2.764,0.974
1624965900,6/28/1951 11:25,3.54,25.334,2.697,0.974
1624966500,6/28/1951 11:35,3.54,25.368,2.694,0.974
1624967100,6/28/1951 11:45,3.54,25.384,2.657,0.974
1624967700,6/28/1951 11:55,3.54,25.435,2.655,0.974
1624968300,6/28/1951 12:05,3.54,25.469,2.628,0.974
1624968900,6/28/1951 12:15,3.54,25.528,2.563,0.974
1624969500,6/28/1951 12:25,3.54,25.561,2.577,0.974
1624970100,6/28/1951 12:35,3.54,25.637,2.549,0.974
1624970700,6/28/1951 12:45,3.54,25.696,2.479,0.974
1624971300,6/28/1951 12:55,3.54,25.747,2.42,0.974
1624971900,6/28/1951 13:05,3.54,25.823,2.364,0.974
1624972500,6/28/1951 13:15,3.54,25.898,2.231,0.974
1624973100,6/28/1951 13:25,3.54,25.966,2.224,0.974
1624973700,6/28/1951 13:35,3.54,26.025,2.121,0.974
1624974300,6/28/1951 13:45,3.54,26.118,2.176,0.974
1624974900,6/28/1951 13:55,3.54,26.194,2.328,0.974
1624975500,6/28/1951 14:05,3.54,26.287,2.243,0.974
1624976100,6/28/1951 14:15,3.54,26.346,2.186,0.974
1624976700,6/28/1951 14:25,3.54,26.473,2.359,0.974
1624977300,6/28/1951 14:35,3.54,26.549,2.579,0.973
1624977900,6/28/1951 14:45,3.54,26.659,2.728,0.974
1624978500,6/28/1951 14:55,3.54,26.727,2.639,0.974
1624979100,6/28/1951 15:05,3.54,26.82,2.852,0.973
1624979700,6/28/1951 15:15,3.54,26.921,2.81,0.973
1624980300,6/28/1951 15:25,3.54,27.015,2.927,0.973
1624980900,6/28/1951 15:35,3.54,27.057,2.79,0.973
1624981500,6/28/1951 15:45,3.54,27.116,2.721,0.973
1624982100,6/28/1951 15:55,3.54,27.218,2.905,0.973
1624982700,6/28/1951 16:05,3.54,27.312,2.978,0.973
1624983300,6/28/1951 16:15,3.53,27.354,2.746,0.973
1624983900,6/28/1951 16:25,3.54,27.422,2.911,0.973
1624984500,6/28/1951 16:35,3.53,27.481,2.864,0.973
1624985100,6/28/1951 16:45,3.54,27.566,3.13,0.973
1624985700,6/28/1951 16:55,3.54,27.66,3.097,0.973
1624986300,6/28/1951 17:05,3.54,27.711,3.151,0.973
1624986900,6/28/1951 17:15,3.54,27.762,3.32,0.972
1624987500,6/28/1951 17:25,3.54,27.83,3.19,0.972
1624988100,6/28/1951 17:35,3.54,27.856,3.306,0.973
1624988700,6/28/1951 17:45,3.54,27.907,3.544,0.972
1624989300,6/28/1951 17:55,3.54,27.847,3.756,0.971
1624989900,6/28/1951 18:05,3.54,27.839,3.786,0.972
1624990500,6/28/1951 18:15,3.54,27.822,3.751,0.972
1624991100,6/28/1951 18:25,3.54,27.745,3.505,0.972
1624991700,6/28/1951 18:35,3.54,27.583,3.623,0.972
1624992300,6/28/1951 18:45,3.54,27.541,3.392,0.972
1624992900,6/28/1951 18:55,3.54,27.558,3.362,0.972
1624993500,6/28/1951 19:05,3.54,27.626,3.261,0.972
1624994100,6/28/1951 19:15,3.54,27.566,3.143,0.973
1624994700,6/28/1951 19:25,3.54,27.524,3.178,0.973
1624995300,6/28/1951 19:35,3.54,27.515,3.154,0.972
1624995900,6/28/1951 19:45,3.54,27.473,3.103,0.973
1624996500,6/28/1951 19:55,3.54,27.413,3.082,0.973
1624997100,6/28/1951 20:05,3.54,27.32,2.982,0.973
1624997700,6/28/1951 20:15,3.54,27.312,2.939,0.973
1624998300,6/28/1951 20:25,3.54,27.303,2.915,0.973
1624998900,6/28/1951 20:35,3.54,27.303,2.866,0.973
1624999500,6/28/1951 20:45,3.54,27.278,2.782,0.974
1625000100,6/28/1951 20:55,3.54,27.227,2.748,0.974
1625000700,6/28/1951 21:05,3.54,27.193,2.611,0.974
1625001300,6/28/1951 21:15,3.54,27.116,2.528,0.974
1625001900,6/28/1951 21:25,3.54,27.074,2.368,0.974
1625002500,6/28/1951 21:35,3.54,27.023,2.26,0.974
1625003100,6/28/1951 21:45,3.54,26.921,2.426,0.974
1625003700,6/28/1951 21:55,3.54,26.871,2.427,0.974
1625004300,6/28/1951 22:05,3.54,26.777,2.333,0.974
1625004900,6/28/1951 22:15,3.54,26.735,2.257,0.974
1625005500,6/28/1951 22:25,3.54,26.693,2.135,0.974
1625006100,6/28/1951 22:35,3.54,26.659,2.001,0.974
1625006700,6/28/1951 22:45,3.54,26.6,1.847,0.973
1625007300,6/28/1951 22:55,3.54,26.523,1.855,0.973
1625007900,6/28/1951 23:05,3.54,26.523,1.796,0.973
1625008500,6/28/1951 23:15,3.54,26.464,1.865,0.973
1625009100,6/28/1951 23:25,3.54,26.439,1.825,0.974
1625009700,6/28/1951 23:35,3.54,26.464,2.007,0.974
1625010300,6/28/1951 23:45,3.54,26.38,1.848,0.973
1625010900,6/28/1951 23:55,3.54,26.354,1.963,0.974
1625011500,6/29/1951 0:05,3.54,26.295,1.79,0.973
1625012100,6/29/1951 0:15,3.54,26.278,1.754,0.973
1625012700,6/29/1951 0:25,3.54,26.236,1.854,0.974
1625013300,6/29/1951 0:35,3.54,26.219,1.984,0.974
1625013900,6/29/1951 0:45,3.54,26.202,1.831,0.974
1625014500,6/29/1951 0:55,3.54,26.16,1.749,0.974
1625015100,6/29/1951 1:05,3.54,26.126,1.829,0.974
1625015700,6/29/1951 1:15,3.54,26.118,1.934,0.974
1625016300,6/29/1951 1:25,3.54,26.126,1.805,0.974
1625016900,6/29/1951 1:35,3.54,26.109,1.668,0.973
1625017500,6/29/1951 1:45,3.54,26.067,1.675,0.973
1625018100,6/29/1951 1:55,3.54,26.042,1.849,0.974
1625018700,6/29/1951 2:05,3.54,26.042,1.872,0.974
1625019300,6/29/1951 2:15,3.54,26.008,1.858,0.974
1625019900,6/29/1951 2:25,3.54,26,1.759,0.973
1625020500,6/29/1951 2:35,3.54,25.991,1.594,0.973
1625021100,6/29/1951 2:45,3.54,25.958,1.694,0.973
1625021700,6/29/1951 2:55,3.54,25.924,1.719,0.973
1625022300,6/29/1951 3:05,3.54,25.915,1.804,0.973
1625022900,6/29/1951 3:15,3.54,25.882,1.616,0.973
1625023500,6/29/1951 3:25,3.54,25.856,1.773,0.973
1625024100,6/29/1951 3:35,3.54,25.831,1.712,0.973
1625024700,6/29/1951 3:45,3.54,25.789,1.765,0.973
1625025300,6/29/1951 3:55,3.54,25.797,1.905,0.974
1625025900,6/29/1951 4:05,3.54,25.755,1.945,0.974
1625026500,6/29/1951 4:15,3.54,25.713,2.077,0.974
1625027100,6/29/1951 4:25,3.54,25.705,2.057,0.974
1625027700,6/29/1951 4:35,3.54,25.696,1.927,0.973
1625028300,6/29/1951 4:45,3.54,25.646,1.864,0.973
1625028900,6/29/1951 4:55,3.54,25.62,2.082,0.974
1625029500,6/29/1951 5:05,3.54,25.603,2.123,0.974
1625030100,6/29/1951 5:15,3.54,25.595,2.175,0.974
1625030700,6/29/1951 5:25,3.54,25.578,2.237,0.974
1625031300,6/29/1951 5:35,3.54,25.544,2.175,0.974
1625031900,6/29/1951 5:45,3.54,25.536,2.184,0.974
1625032500,6/29/1951 5:55,3.54,25.536,2.258,0.974
1625033100,6/29/1951 6:05,3.54,25.519,2.294,0.974
1625033700,6/29/1951 6:15,3.54,25.511,2.379,0.974
1625034300,6/29/1951 6:25,3.54,25.502,2.366,0.974
1625034900,6/29/1951 6:35,3.54,25.469,2.536,0.974
1625035500,6/29/1951 6:45,3.54,25.469,2.433,0.974
1625036100,6/29/1951 6:55,3.54,25.452,2.412,0.974
1625036700,6/29/1951 7:05,3.54,25.443,2.451,0.974
1625037300,6/29/1951 7:15,3.54,25.427,2.499,0.974
1625037900,6/29/1951 7:25,3.54,25.384,2.577,0.974
1625038500,6/29/1951 7:35,3.54,25.401,2.541,0.974
1625039100,6/29/1951 7:45,3.54,25.351,2.618,0.974
1625039700,6/29/1951 7:55,3.54,25.401,2.454,0.974
1625040300,6/29/1951 8:05,3.54,25.384,2.473,0.974
1625040900,6/29/1951 8:15,3.54,25.359,2.545,0.974
1625041500,6/29/1951 8:25,3.54,25.351,2.541,0.974
1625042100,6/29/1951 8:35,3.54,25.351,2.578,0.974
1625042700,6/29/1951 8:45,3.54,25.334,2.57,0.974
1625043300,6/29/1951 8:55,3.54,25.317,2.585,0.974
1625043900,6/29/1951 9:05,3.54,25.317,2.595,0.974
1625044500,6/29/1951 9:15,3.54,25.317,2.648,0.974
1625045100,6/29/1951 9:25,3.54,25.283,2.66,0.974
1625045700,6/29/1951 9:35,3.54,25.283,2.681,0.974
1625046300,6/29/1951 9:45,3.54,25.283,2.7,0.974
1625046900,6/29/1951 9:55,3.54,25.267,2.7,0.974
1625047500,6/29/1951 10:05,3.54,25.258,2.665,0.974
1625048100,6/29/1951 10:15,3.54,25.25,2.691,0.974
1625048700,6/29/1951 10:25,3.54,25.258,2.674,0.974
1625049300,6/29/1951 10:35,3.54,25.283,2.651,0.974
1625049900,6/29/1951 10:45,3.54,25.275,2.646,0.974
1625050500,6/29/1951 10:55,3.54,25.275,2.662,0.974
1625051100,6/29/1951 11:05,3.54,25.326,2.629,0.974
1625051700,6/29/1951 11:15,3.54,25.351,2.606,0.974
1625052300,6/29/1951 11:25,3.54,25.368,2.596,0.974
1625052900,6/29/1951 11:35,3.54,25.401,2.557,0.974
1625053500,6/29/1951 11:45,3.54,25.427,2.545,0.974
1625054100,6/29/1951 11:55,3.54,25.477,2.518,0.974
1625054700,6/29/1951 12:05,3.54,25.494,2.501,0.974
1625055300,6/29/1951 12:15,3.54,25.587,2.466,0.974
1625055900,6/29/1951 12:25,3.54,25.629,2.451,0.974
1625056500,6/29/1951 12:35,3.54,25.679,2.462,0.974
1625057100,6/29/1951 12:45,3.54,25.747,2.414,0.974
1625057700,6/29/1951 12:55,3.54,25.797,2.364,0.974
1625058300,6/29/1951 13:05,3.54,25.831,2.311,0.974
1625058900,6/29/1951 13:15,3.54,25.89,2.226,0.974
1625059500,6/29/1951 13:25,3.54,25.941,2.222,0.974
1625060100,6/29/1951 13:35,3.54,26,2.331,0.974
1625060700,6/29/1951 13:45,3.54,26.101,2.45,0.974
1625061300,6/29/1951 13:55,3.54,26.177,2.513,0.974
1625061900,6/29/1951 14:05,3.53,26.278,2.828,0.974
1625062500,6/29/1951 14:15,3.53,26.354,3.105,0.974
1625063100,6/29/1951 14:25,3.53,26.397,2.807,0.974
1625063700,6/29/1951 14:35,3.54,26.464,2.653,0.974
1625064300,6/29/1951 14:45,3.54,26.557,2.655,0.974
1625064900,6/29/1951 14:55,3.54,26.65,2.553,0.974
1625065500,6/29/1951 15:05,3.54,26.727,2.738,0.973
1625066100,6/29/1951 15:15,3.54,26.777,2.658,0.974
1625066700,6/29/1951 15:25,3.54,26.854,2.805,0.973
1625067300,6/29/1951 15:35,3.54,26.887,2.724,0.973
1625067900,6/29/1951 15:45,3.54,26.989,2.89,0.973
1625068500,6/29/1951 15:55,3.54,27.099,2.895,0.973
1625069100,6/29/1951 16:05,3.54,27.125,3.038,0.973
1625069700,6/29/1951 16:15,3.53,27.218,3.201,0.973
1625070300,6/29/1951 16:25,3.53,27.269,3.302,0.973
1625070900,6/29/1951 16:35,3.53,27.269,3.271,0.973
1625071500,6/29/1951 16:45,3.53,27.354,3.424,0.973
1625072100,6/29/1951 16:55,3.53,27.388,3.442,0.973
1625072700,6/29/1951 17:05,3.53,27.363,3.417,0.972
1625073300,6/29/1951 17:15,3.53,27.388,3.45,0.972
1625073900,6/29/1951 17:25,3.53,27.456,3.579,0.973
1625074500,6/29/1951 17:35,3.54,27.541,8.002,0.968
1625075100,6/29/1951 17:45,3.54,27.711,7.977,0.968
1625075700,6/29/1951 17:55,3.53,28.581,7.905,0.968
1625076300,6/29/1951 18:05,3.54,29.121,7.862,0.968
1625076900,6/29/1951 18:15,3.54,28.949,7.826,0.966
1625077500,6/29/1951 18:25,3.53,29.369,7.795,0.967
1625078100,6/29/1951 18:35,3.54,28.803,7.864,0.967
1625078700,6/29/1951 18:45,3.54,28.026,0.227,0.953
1625079300,6/29/1951 18:55,3.54,26.854,0.058,0.948
1625079900,6/29/1951 19:05,3.54,26.744,0.051,0.948
1625080500,6/29/1951 19:15,3.54,26.718,0.052,0.948
1625081100,6/29/1951 19:25,3.54,26.735,0.052,0.948
1625081700,6/29/1951 19:35,3.54,26.76,0.051,0.948
1625082300,6/29/1951 19:45,3.54,26.752,0.051,0.948
1625082900,6/29/1951 19:55,3.54,26.786,0.051,0.949
1625083500,6/29/1951 20:05,3.54,26.777,0.051,0.948
1625084100,6/29/1951 20:15,3.54,26.803,0.051,0.949
1625084700,6/29/1951 20:25,3.54,26.794,0.051,0.949
1625085300,6/29/1951 20:35,3.54,26.786,0.052,0.949
1625085900,6/29/1951 20:45,3.54,26.786,0.052,0.949
1625086500,6/29/1951 20:55,3.54,26.777,0.052,0.949
1625087100,6/29/1951 21:05,3.54,26.794,0.052,0.949
1625087700,6/29/1951 21:15,3.54,26.786,0.052,0.949
1625088300,6/29/1951 21:25,3.54,26.76,0.052,0.949
1625088900,6/29/1951 21:35,3.54,26.752,0.052,0.95
1625089500,6/29/1951 21:45,3.54,26.744,0.052,0.95
1625090100,6/29/1951 21:55,3.54,26.718,0.052,0.95
1625090700,6/29/1951 22:05,3.54,26.718,0.052,0.95
1625091300,6/29/1951 22:15,3.54,26.71,0.052,0.95
1625091900,6/29/1951 22:25,3.54,26.684,0.052,0.95
1625092500,6/29/1951 22:35,3.54,26.659,0.052,0.95
1625093100,6/29/1951 22:45,3.54,26.633,0.052,0.95
1625093700,6/29/1951 22:55,3.54,26.642,0.051,0.95
1625094300,6/29/1951 23:05,3.54,26.633,0.051,0.95
1625094900,6/29/1951 23:15,3.54,26.6,0.052,0.95
1625095500,6/29/1951 23:25,3.54,26.583,0.222,0.956
1625096100,6/29/1951 23:35,3.54,26.557,0.523,0.963
1625096700,6/29/1951 23:45,3.54,26.54,0.182,0.954
1625097300,6/29/1951 23:55,3.54,26.498,0.646,0.966
1625097900,6/30/1951 0:05,3.54,26.473,0.332,0.958
1625098500,6/30/1951 0:15,3.54,26.447,0.419,0.96
1625099100,6/30/1951 0:25,3.54,26.422,0.658,0.966
1625099700,6/30/1951 0:35,3.54,26.371,0.573,0.964
1625100300,6/30/1951 0:45,3.54,26.337,0.546,0.964
1625100900,6/30/1951 0:55,3.54,26.27,0.816,0.969
1625101500,6/30/1951 1:05,3.54,26.211,0.721,0.967
1625102100,6/30/1951 1:15,3.54,26.177,1.247,0.973
1625102700,6/30/1951 1:25,3.54,26.135,1.284,0.973
1625103300,6/30/1951 1:35,3.54,26.126,1.088,0.971
1625103900,6/30/1951 1:45,3.54,26.076,0.952,0.97
1625104500,6/30/1951 1:55,3.54,26.059,0.902,0.969
1625105100,6/30/1951 2:05,3.54,26.008,0.803,0.968
1625105700,6/30/1951 2:15,3.54,26.017,0.543,0.963
1625106300,6/30/1951 2:25,3.54,26,0.386,0.96
1625106900,6/30/1951 2:35,3.54,25.932,0.243,0.956
1625107500,6/30/1951 2:45,3.54,25.932,0.36,0.96
1625108100,6/30/1951 2:55,3.54,25.941,0.051,0.95
1625108700,6/30/1951 3:05,3.54,25.898,0.058,0.951
1625109300,6/30/1951 3:15,3.54,25.89,0.234,0.956
1625109900,6/30/1951 3:25,3.54,25.856,0.055,0.951
1625110500,6/30/1951 3:35,3.54,25.848,0.052,0.951
1625111100,6/30/1951 3:45,3.54,25.823,0.33,0.959
1625111700,6/30/1951 3:55,3.54,25.814,0.174,0.955
1625112300,6/30/1951 4:05,3.54,25.789,0.061,0.951
1625112900,6/30/1951 4:15,3.54,25.755,0.101,0.952
1625113500,6/30/1951 4:25,3.54,25.73,0.095,0.952
1625114100,6/30/1951 4:35,3.54,25.738,0.09,0.952
1625114700,6/30/1951 4:45,3.54,25.747,0.285,0.958
1625115300,6/30/1951 4:55,3.54,25.789,0.051,0.951
1625115900,6/30/1951 5:05,3.54,25.747,0.051,0.951
1625116500,6/30/1951 5:15,3.54,25.738,0.05,0.951
1625117100,6/30/1951 5:25,3.54,25.721,0.05,0.95
1625117700,6/30/1951 5:35,3.54,25.713,0.05,0.951
1625118300,6/30/1951 5:45,3.54,25.705,0.05,0.951
1625118900,6/30/1951 5:55,3.54,25.679,0.051,0.951
1625119500,6/30/1951 6:05,3.54,25.662,0.05,0.95
1625120100,6/30/1951 6:15,3.54,25.654,0.051,0.951
1625120700,6/30/1951 6:25,3.54,25.671,0.05,0.951
1625121300,6/30/1951 6:35,3.54,25.646,0.05,0.951
1625121900,6/30/1951 6:45,3.54,25.62,0.051,0.951
1625122500,6/30/1951 6:55,3.54,25.603,0.05,0.951
1625123100,6/30/1951 7:05,3.54,25.603,0.051,0.951
1625123700,6/30/1951 7:15,3.54,25.603,0.051,0.951
1625124300,6/30/1951 7:25,3.54,25.561,0.05,0.951
1625124900,6/30/1951 7:35,3.54,25.57,0.05,0.951
1625125500,6/30/1951 7:45,3.54,25.528,0.05,0.951
1625126100,6/30/1951 7:55,3.54,25.519,0.051,0.951
1625126700,6/30/1951 8:05,3.54,25.511,0.05,0.951
1625127300,6/30/1951 8:15,3.54,25.502,0.051,0.951
1625127900,6/30/1951 8:25,3.54,25.477,0.05,0.951
1625128500,6/30/1951 8:35,3.54,25.452,0.051,0.951
1625129100,6/30/1951 8:45,3.54,25.46,0.05,0.951
1625129700,6/30/1951 8:55,3.54,25.435,0.05,0.951
1625130300,6/30/1951 9:05,3.54,25.427,0.05,0.951
1625130900,6/30/1951 9:15,3.54,25.41,0.051,0.951
1625131500,6/30/1951 9:25,3.54,25.393,0.05,0.951
1625132100,6/30/1951 9:35,3.54,25.393,0.05,0.951
1625132700,6/30/1951 9:45,3.54,25.384,0.05,0.951
1625133300,6/30/1951 9:55,3.54,25.359,0.051,0.951
1625133900,6/30/1951 10:05,3.54,25.359,0.05,0.951
1625134500,6/30/1951 10:15,3.54,25.342,0.05,0.951
1625135100,6/30/1951 10:25,3.54,25.342,0.05,0.951
1625135700,6/30/1951 10:35,3.54,25.326,0.05,0.951
1625136300,6/30/1951 10:45,3.54,25.326,0.05,0.951
1625136900,6/30/1951 10:55,3.53,25.317,0.05,0.951
1625137500,6/30/1951 11:05,3.54,25.334,0.05,0.951
1625138100,6/30/1951 11:15,3.54,25.317,0.05,0.951
1625138700,6/30/1951 11:25,3.54,25.334,0.05,0.951
1625139300,6/30/1951 11:35,3.54,25.326,0.05,0.951
1625139900,6/30/1951 11:45,3.54,25.334,0.05,0.951
1625140500,6/30/1951 11:55,3.54,25.359,0.05,0.951
1625141100,6/30/1951 12:05,3.54,25.368,0.05,0.951
1625141700,6/30/1951 12:15,3.54,25.376,0.051,0.951
1625142300,6/30/1951 12:25,3.54,25.376,0.05,0.951
1625142900,6/30/1951 12:35,3.54,25.368,0.05,0.951
1625143500,6/30/1951 12:45,3.54,25.418,0.05,0.951
1625144100,6/30/1951 12:55,3.54,25.41,0.05,0.951
1625144700,6/30/1951 13:05,3.54,25.435,0.051,0.951
1625145300,6/30/1951 13:15,3.54,25.435,0.05,0.951
1625145900,6/30/1951 13:25,3.54,25.46,0.05,0.951
1625146500,6/30/1951 13:35,3.54,25.477,0.051,0.951
1625147100,6/30/1951 13:45,3.54,25.511,0.05,0.951
1625147700,6/30/1951 13:55,3.54,25.519,0.051,0.951
1625148300,6/30/1951 14:05,3.54,25.561,0.051,0.951
1625148900,6/30/1951 14:15,3.54,25.561,0.05,0.951
1625149500,6/30/1951 14:25,3.54,25.578,0.051,0.951
1625150100,6/30/1951 14:35,3.54,25.595,0.051,0.951
1625150700,6/30/1951 14:45,3.54,25.629,0.052,0.951
1625151300,6/30/1951 14:55,3.54,25.671,0.051,0.951
1625151900,6/30/1951 15:05,3.54,25.705,0.051,0.951
1625152500,6/30/1951 15:15,3.54,25.73,0.051,0.951
1625153100,6/30/1951 15:25,3.54,25.78,0.052,0.951
1625153700,6/30/1951 15:35,3.54,25.814,0.051,0.95
1625154300,6/30/1951 15:45,3.54,25.915,0.051,0.95
1625154900,6/30/1951 15:55,3.54,25.915,0.052,0.951
1625155500,6/30/1951 16:05,3.54,25.983,0.051,0.95
1625156100,6/30/1951 16:15,3.54,26.017,0.052,0.95
1625156700,6/30/1951 16:25,3.54,26.059,0.052,0.95
1625157300,6/30/1951 16:35,3.54,26.126,0.051,0.95
1625157900,6/30/1951 16:45,3.54,26.16,0.052,0.95
1625158500,6/30/1951 16:55,3.54,26.177,0.052,0.95
1625159100,6/30/1951 17:05,3.54,26.194,0.052,0.95
1625159700,6/30/1951 17:15,3.53,26.228,0.052,0.95
1625160300,6/30/1951 17:25,3.53,26.295,0.051,0.95
1625160900,6/30/1951 17:35,3.53,26.295,0.052,0.95
1625161500,6/30/1951 17:45,3.53,26.304,0.052,0.95
1625162100,6/30/1951 17:55,3.53,26.337,0.051,0.95
1625162700,6/30/1951 18:05,3.53,26.38,0.052,0.95
1625163300,6/30/1951 18:15,3.53,26.405,0.052,0.95
1625163900,6/30/1951 18:25,3.53,26.422,0.052,0.95
1625164500,6/30/1951 18:35,3.54,26.456,0.052,0.95
1625165100,6/30/1951 18:45,3.54,26.464,0.053,0.95
1625165700,6/30/1951 18:55,3.54,26.498,0.053,0.95
1625166300,6/30/1951 19:05,3.54,26.54,0.052,0.95
1625166900,6/30/1951 19:15,3.54,26.54,0.053,0.95
1625167500,6/30/1951 19:25,3.54,26.566,0.052,0.95
1625168100,6/30/1951 19:35,3.54,26.608,0.052,0.95
1625168700,6/30/1951 19:45,3.54,26.633,0.052,0.95
1625169300,6/30/1951 19:55,3.54,26.65,0.052,0.95
1625169900,6/30/1951 20:05,3.54,26.659,0.052,0.95
1625170500,6/30/1951 20:15,3.54,26.693,0.053,0.95
1625171100,6/30/1951 20:25,3.54,26.718,0.052,0.95
1625171700,6/30/1951 20:35,3.54,26.752,0.052,0.95
1625172300,6/30/1951 20:45,3.54,26.744,0.052,0.95
1625172900,6/30/1951 20:55,3.54,26.769,0.052,0.95
1625173500,6/30/1951 21:05,3.54,26.769,0.053,0.95
1625174100,6/30/1951 21:15,3.54,26.777,0.053,0.95
1625174700,6/30/1951 21:25,3.54,26.811,0.052,0.95
1625175300,6/30/1951 21:35,3.54,26.811,0.052,0.95
1625175900,6/30/1951 21:45,3.54,26.803,0.052,0.95
1625176500,6/30/1951 21:55,3.54,26.811,0.052,0.95
1625177100,6/30/1951 22:05,3.54,26.786,0.052,0.95
1625177700,6/30/1951 22:15,3.54,26.803,0.053,0.95
1625178300,6/30/1951 22:25,3.54,26.803,0.053,0.95
1625178900,6/30/1951 22:35,3.54,26.786,0.053,0.95
1625179500,6/30/1951 22:45,3.54,26.777,0.052,0.95
1625180100,6/30/1951 22:55,3.54,26.769,0.052,0.95
1625180700,6/30/1951 23:05,3.54,26.769,0.052,0.95
1625181300,6/30/1951 23:15,3.54,26.76,0.052,0.95
1625181900,6/30/1951 23:25,3.54,26.727,0.066,0.951
1625182500,6/30/1951 23:35,3.54,26.693,0.053,0.95
1625183100,6/30/1951 23:45,3.54,26.701,0.053,0.95
1625183700,6/30/1951 23:55,3.54,26.71,0.052,0.95
1625184300,7/1/1951 0:05,3.54,26.701,0.052,0.95
1625184900,7/1/1951 0:15,3.54,26.676,0.052,0.95
1625185500,7/1/1951 0:25,3.54,26.667,0.052,0.95
1625186100,7/1/1951 0:35,3.54,26.676,0.053,0.95
1625186700,7/1/1951 0:45,3.54,26.667,0.053,0.95
1625187300,7/1/1951 0:55,3.54,26.617,0.052,0.95
1625187900,7/1/1951 1:05,3.54,26.574,0.052,0.95
1625188500,7/1/1951 1:15,3.54,26.557,0.052,0.95
1625189100,7/1/1951 1:25,3.54,26.549,0.052,0.95
1625189700,7/1/1951 1:35,3.54,26.54,0.052,0.95
1625190300,7/1/1951 1:45,3.54,26.515,0.051,0.95
1625190900,7/1/1951 1:55,3.54,26.498,0.052,0.95
1625191500,7/1/1951 2:05,3.54,26.456,0.052,0.95
1625192100,7/1/1951 2:15,3.54,26.473,0.052,0.95
1625192700,7/1/1951 2:25,3.54,26.464,0.052,0.95
1625193300,7/1/1951 2:35,3.54,26.43,0.052,0.951
1625193900,7/1/1951 2:45,3.54,26.422,0.051,0.95
1625194500,7/1/1951 2:55,3.54,26.388,0.052,0.95
1625195100,7/1/1951 3:05,3.54,26.371,0.051,0.95
1625195700,7/1/1951 3:15,3.53,26.346,0.052,0.95
1625196300,7/1/1951 3:25,3.54,26.337,0.052,0.951
1625196900,7/1/1951 3:35,3.54,26.321,0.051,0.95
1625197500,7/1/1951 3:45,3.54,26.295,0.051,0.951
1625198100,7/1/1951 3:55,3.54,26.278,0.051,0.95
1625198700,7/1/1951 4:05,3.54,26.27,0.051,0.951
1625199300,7/1/1951 4:15,3.54,26.236,0.051,0.95
1625199900,7/1/1951 4:25,3.54,26.253,0.052,0.951
1625200500,7/1/1951 4:35,3.54,26.236,0.051,0.951
1625201100,7/1/1951 4:45,3.54,26.211,0.051,0.951
1625201700,7/1/1951 4:55,3.54,26.194,0.051,0.951
1625202300,7/1/1951 5:05,3.54,26.169,0.051,0.951
1625202900,7/1/1951 5:15,3.54,26.177,0.051,0.951
1625203500,7/1/1951 5:25,3.54,26.143,0.051,0.951
1625204100,7/1/1951 5:35,3.54,26.135,0.051,0.951
1625204700,7/1/1951 5:45,3.54,26.109,0.051,0.951
1625205300,7/1/1951 5:55,3.54,26.101,0.051,0.951
1625205900,7/1/1951 6:05,3.54,26.109,0.051,0.951
1625206500,7/1/1951 6:15,3.54,26.067,0.051,0.951
1625207100,7/1/1951 6:25,3.54,26.076,0.051,0.951
1625207700,7/1/1951 6:35,3.54,26.093,0.051,0.951
1625208300,7/1/1951 6:45,3.54,26.05,0.051,0.951
1625208900,7/1/1951 6:55,3.54,26.059,0.051,0.951
1625209500,7/1/1951 7:05,3.54,26.05,0.051,0.951
1625210100,7/1/1951 7:15,3.54,26.033,0.051,0.951
1625210700,7/1/1951 7:25,3.54,26.025,0.051,0.951
1625211300,7/1/1951 7:35,3.54,26.017,0.051,0.951
1625211900,7/1/1951 7:45,3.54,26.025,0.051,0.951
1625212500,7/1/1951 7:55,3.54,26.008,0.051,0.951
1625213100,7/1/1951 8:05,3.54,25.983,0.051,0.951
1625213700,7/1/1951 8:15,3.54,25.966,0.051,0.951
1625214300,7/1/1951 8:25,3.54,25.958,0.05,0.951
1625214900,7/1/1951 8:35,3.54,25.958,0.051,0.951
1625215500,7/1/1951 8:45,3.54,25.932,0.051,0.951
1625216100,7/1/1951 8:55,3.54,25.924,0.05,0.951
1625216700,7/1/1951 9:05,3.54,25.898,0.051,0.951
1625217300,7/1/1951 9:15,3.54,25.915,0.05,0.951
1625217900,7/1/1951 9:25,3.54,25.89,0.051,0.951
1625218500,7/1/1951 9:35,3.54,25.865,0.051,0.951
1625219100,7/1/1951 9:45,3.54,25.856,0.051,0.951
1625219700,7/1/1951 9:55,3.54,25.831,0.051,0.951
1625220300,7/1/1951 10:05,3.54,25.831,0.051,0.951
1625220900,7/1/1951 10:15,3.54,25.806,0.051,0.951
1625221500,7/1/1951 10:25,3.54,25.789,0.051,0.951
1625222100,7/1/1951 10:35,3.54,25.772,0.051,0.951
1625222700,7/1/1951 10:45,3.54,25.78,0.051,0.951
1625223300,7/1/1951 10:55,3.54,25.755,0.051,0.951
1625223900,7/1/1951 11:05,3.54,25.772,0.051,0.951
1625224500,7/1/1951 11:15,3.54,25.755,0.051,0.951
1625225100,7/1/1951 11:25,3.54,25.764,0.051,0.951
1625225700,7/1/1951 11:35,3.54,25.772,0.051,0.951
1625226300,7/1/1951 11:45,3.54,25.78,0.051,0.951
1625226900,7/1/1951 11:55,3.54,25.806,0.051,0.951
1625227500,7/1/1951 12:05,3.54,25.823,0.051,0.951
1625228100,7/1/1951 12:15,3.54,25.831,0.051,0.951
1625228700,7/1/1951 12:25,3.54,25.831,0.051,0.951
1625229300,7/1/1951 12:35,3.54,25.831,0.051,0.951
1625229900,7/1/1951 12:45,3.54,25.839,0.051,0.951
1625230500,7/1/1951 12:55,3.54,25.848,0.051,0.951
1625231100,7/1/1951 13:05,3.54,25.865,0.051,0.951
1625231700,7/1/1951 13:15,3.54,25.865,0.051,0.951
1625232300,7/1/1951 13:25,3.54,25.89,0.051,0.951
1625232900,7/1/1951 13:35,3.54,25.907,0.051,0.951
1625233500,7/1/1951 13:45,3.54,25.915,0.051,0.951
1625234100,7/1/1951 13:55,3.54,25.949,0.051,0.951
1625234700,7/1/1951 14:05,3.54,25.966,0.052,0.951
1625235300,7/1/1951 14:15,3.54,25.983,0.052,0.951
1625235900,7/1/1951 14:25,3.54,25.991,0.052,0.951
1625236500,7/1/1951 14:35,3.54,26.008,0.052,0.951
1625237100,7/1/1951 14:45,3.54,26.033,0.051,0.951
1625237700,7/1/1951 14:55,3.54,26.076,0.052,0.951
1625238300,7/1/1951 15:05,3.54,26.109,0.052,0.951
1625238900,7/1/1951 15:15,3.54,26.118,0.052,0.951
1625239500,7/1/1951 15:25,3.54,26.177,0.052,0.951
1625240100,7/1/1951 15:35,3.54,26.245,0.052,0.951
1625240700,7/1/1951 15:45,3.54,26.304,0.052,0.951
1625241300,7/1/1951 15:55,3.53,26.329,0.052,0.95
1625241900,7/1/1951 16:05,3.53,26.38,0.053,0.95
1625242500,7/1/1951 16:15,3.54,26.405,0.053,0.951
1625243100,7/1/1951 16:25,3.54,26.447,0.052,0.951
1625243700,7/1/1951 16:35,3.54,26.456,0.053,0.951
1625244300,7/1/1951 16:45,3.54,26.498,0.052,0.95
1625244900,7/1/1951 16:55,3.54,26.54,0.053,0.95
1625245500,7/1/1951 17:05,3.54,26.583,0.053,0.95
1625246100,7/1/1951 17:15,3.54,26.6,0.053,0.95
1625246700,7/1/1951 17:25,3.54,26.65,0.053,0.95
1625247300,7/1/1951 17:35,3.54,26.667,0.053,0.95
1625247900,7/1/1951 17:45,3.54,26.71,0.053,0.95
1625248500,7/1/1951 17:55,3.54,26.76,0.053,0.95
1625249100,7/1/1951 18:05,3.54,26.803,0.053,0.95
1625249700,7/1/1951 18:15,3.54,26.82,0.053,0.95
1625250300,7/1/1951 18:25,3.54,26.854,0.053,0.95
1625250900,7/1/1951 18:35,3.54,27.04,8.049,0.971
1625251500,7/1/1951 18:45,3.54,28.035,7.928,0.97
